"epoch","train_100 - val_mean_pred_energy_drift","train_100 - val_mean_pred_energy_drift__MIN","train_100 - val_mean_pred_energy_drift__MAX","train_100 - _step","train_100 - _step__MIN","train_100 - _step__MAX","train_75 - val_mean_pred_energy_drift","train_75 - val_mean_pred_energy_drift__MIN","train_75 - val_mean_pred_energy_drift__MAX","train_75 - _step","train_75 - _step__MIN","train_75 - _step__MAX","train_50 - val_mean_pred_energy_drift","train_50 - val_mean_pred_energy_drift__MIN","train_50 - val_mean_pred_energy_drift__MAX","train_50 - _step","train_50 - _step__MIN","train_50 - _step__MAX","train_25 - val_mean_pred_energy_drift","train_25 - val_mean_pred_energy_drift__MIN","train_25 - val_mean_pred_energy_drift__MAX","train_25 - _step","train_25 - _step__MIN","train_25 - _step__MAX","train_10 - val_mean_pred_energy_drift","train_10 - val_mean_pred_energy_drift__MIN","train_10 - val_mean_pred_energy_drift__MAX","train_10 - _step","train_10 - _step__MIN","train_10 - _step__MAX"
"0","0.6766396760940552","0.6766396760940552","0.6766396760940552","1879","1879","1879","0.28830432891845703","0.28830432891845703","0.28830432891845703","1413","1413","1413","0.5726144313812256","0.5726144313812256","0.5726144313812256","948","948","948","0.8007696270942688","0.8007696270942688","0.8007696270942688","482","482","482","0.7019699811935425","0.7019699811935425","0.7019699811935425","203","203","203"
"1","0.24074608087539673","0.24074608087539673","0.24074608087539673","3750","3750","3750","0.3029167056083679","0.3029167056083679","0.3029167056083679","2818","2818","2818","0.3822508454322815","0.3822508454322815","0.3822508454322815","1888","1888","1888","0.25798848271369934","0.25798848271369934","0.25798848271369934","956","956","956","0.9854480624198914","0.9854480624198914","0.9854480624198914","398","398","398"
"2","0.19352200627326965","0.19352200627326965","0.19352200627326965","5621","5621","5621","0.22730590403079987","0.22730590403079987","0.22730590403079987","4223","4223","4223","0.23351247608661652","0.23351247608661652","0.23351247608661652","2828","2828","2828","0.19789323210716248","0.19789323210716248","0.19789323210716248","1430","1430","1430","1.1651517152786255","1.1651517152786255","1.1651517152786255","593","593","593"
"3","0.33081960678100586","0.33081960678100586","0.33081960678100586","7492","7492","7492","0.10219895839691162","0.10219895839691162","0.10219895839691162","5628","5628","5628","0.13465356826782227","0.13465356826782227","0.13465356826782227","3768","3768","3768","0.360989511013031","0.360989511013031","0.360989511013031","1904","1904","1904","0.6293226480484009","0.6293226480484009","0.6293226480484009","788","788","788"
"4","0.13407723605632782","0.13407723605632782","0.13407723605632782","9363","9363","9363","0.1666763424873352","0.1666763424873352","0.1666763424873352","7033","7033","7033","0.19449277222156525","0.19449277222156525","0.19449277222156525","4708","4708","4708","0.47680890560150146","0.47680890560150146","0.47680890560150146","2378","2378","2378","0.44216081500053406","0.44216081500053406","0.44216081500053406","983","983","983"
"5","0.05544135719537735","0.05544135719537735","0.05544135719537735","11234","11234","11234","0.08334052562713623","0.08334052562713623","0.08334052562713623","8438","8438","8438","0.11967334896326065","0.11967334896326065","0.11967334896326065","5648","5648","5648","0.24474361538887024","0.24474361538887024","0.24474361538887024","2852","2852","2852","0.1943264752626419","0.1943264752626419","0.1943264752626419","1178","1178","1178"
"6","0.08442255854606628","0.08442255854606628","0.08442255854606628","13105","13105","13105","0.09838507324457169","0.09838507324457169","0.09838507324457169","9843","9843","9843","0.12031761556863785","0.12031761556863785","0.12031761556863785","6588","6588","6588","0.30722755193710327","0.30722755193710327","0.30722755193710327","3326","3326","3326","0.5104714035987854","0.5104714035987854","0.5104714035987854","1373","1373","1373"
"7","0.12878650426864624","0.12878650426864624","0.12878650426864624","14976","14976","14976","0.24221427738666534","0.24221427738666534","0.24221427738666534","11248","11248","11248","0.09032221138477325","0.09032221138477325","0.09032221138477325","7528","7528","7528","0.4118659198284149","0.4118659198284149","0.4118659198284149","3800","3800","3800","1.2419801950454712","1.2419801950454712","1.2419801950454712","1568","1568","1568"
"8","0.053488872945308685","0.053488872945308685","0.053488872945308685","16847","16847","16847","0.1020074412226677","0.1020074412226677","0.1020074412226677","12653","12653","12653","0.3571568727493286","0.3571568727493286","0.3571568727493286","8468","8468","8468","0.22017592191696167","0.22017592191696167","0.22017592191696167","4274","4274","4274","0.5723145008087158","0.5723145008087158","0.5723145008087158","1763","1763","1763"
"9","0.08702494949102402","0.08702494949102402","0.08702494949102402","18718","18718","18718","0.23538589477539062","0.23538589477539062","0.23538589477539062","14058","14058","14058","0.09478666633367538","0.09478666633367538","0.09478666633367538","9408","9408","9408","0.24271292984485626","0.24271292984485626","0.24271292984485626","4748","4748","4748","0.34187325835227966","0.34187325835227966","0.34187325835227966","1958","1958","1958"
"10","0.07848721742630005","0.07848721742630005","0.07848721742630005","20594","20594","20594","0.14763803780078888","0.14763803780078888","0.14763803780078888","15468","15468","15468","0.09366811066865921","0.09366811066865921","0.09366811066865921","10353","10353","10353","0.15928269922733307","0.15928269922733307","0.15928269922733307","5227","5227","5227","0.23428641259670258","0.23428641259670258","0.23428641259670258","2158","2158","2158"
"11","0.068781279027462","0.068781279027462","0.068781279027462","22465","22465","22465","0.06571026891469955","0.06571026891469955","0.06571026891469955","16873","16873","16873","0.08239014446735382","0.08239014446735382","0.08239014446735382","11293","11293","11293","0.1690477579832077","0.1690477579832077","0.1690477579832077","5701","5701","5701","0.1915677934885025","0.1915677934885025","0.1915677934885025","2353","2353","2353"
"12","0.042738381773233414","0.042738381773233414","0.042738381773233414","24336","24336","24336","0.13177742063999176","0.13177742063999176","0.13177742063999176","18278","18278","18278","0.05965324863791466","0.05965324863791466","0.05965324863791466","12233","12233","12233","0.07772236317396164","0.07772236317396164","0.07772236317396164","6175","6175","6175","0.2223937064409256","0.2223937064409256","0.2223937064409256","2548","2548","2548"
"13","0.07739206403493881","0.07739206403493881","0.07739206403493881","26207","26207","26207","0.16555927693843842","0.16555927693843842","0.16555927693843842","19683","19683","19683","0.06778103113174438","0.06778103113174438","0.06778103113174438","13173","13173","13173","0.14597772061824799","0.14597772061824799","0.14597772061824799","6649","6649","6649","0.4227331578731537","0.4227331578731537","0.4227331578731537","2743","2743","2743"
"14","0.1334991157054901","0.1334991157054901","0.1334991157054901","28078","28078","28078","0.03810462728142738","0.03810462728142738","0.03810462728142738","21088","21088","21088","0.16087548434734344","0.16087548434734344","0.16087548434734344","14113","14113","14113","0.15781517326831818","0.15781517326831818","0.15781517326831818","7123","7123","7123","0.09323940426111221","0.09323940426111221","0.09323940426111221","2938","2938","2938"
"15","0.041525330394506454","0.041525330394506454","0.041525330394506454","29949","29949","29949","0.04436340928077698","0.04436340928077698","0.04436340928077698","22493","22493","22493","0.0942428708076477","0.0942428708076477","0.0942428708076477","15053","15053","15053","0.19294054806232452","0.19294054806232452","0.19294054806232452","7597","7597","7597","0.1664479523897171","0.1664479523897171","0.1664479523897171","3133","3133","3133"
"16","0.06833957135677338","0.06833957135677338","0.06833957135677338","31820","31820","31820","0.07877939939498901","0.07877939939498901","0.07877939939498901","23898","23898","23898","0.06735667586326599","0.06735667586326599","0.06735667586326599","15993","15993","15993","0.0697193443775177","0.0697193443775177","0.0697193443775177","8071","8071","8071","0.26067548990249634","0.26067548990249634","0.26067548990249634","3328","3328","3328"
"17","0.04079470783472061","0.04079470783472061","0.04079470783472061","33691","33691","33691","0.036055054515600204","0.036055054515600204","0.036055054515600204","25303","25303","25303","0.10707761347293854","0.10707761347293854","0.10707761347293854","16933","16933","16933","0.38409683108329773","0.38409683108329773","0.38409683108329773","8545","8545","8545","0.15876461565494537","0.15876461565494537","0.15876461565494537","3523","3523","3523"
"18","0.135282501578331","0.135282501578331","0.135282501578331","35562","35562","35562","0.043132681399583817","0.043132681399583817","0.043132681399583817","26708","26708","26708","0.17454937100410461","0.17454937100410461","0.17454937100410461","17873","17873","17873","0.06354518234729767","0.06354518234729767","0.06354518234729767","9019","9019","9019","0.2626778781414032","0.2626778781414032","0.2626778781414032","3718","3718","3718"
"19","0.053660668432712555","0.053660668432712555","0.053660668432712555","37433","37433","37433","0.09226112812757492","0.09226112812757492","0.09226112812757492","28113","28113","28113","0.08717896044254303","0.08717896044254303","0.08717896044254303","18813","18813","18813","0.23344287276268005","0.23344287276268005","0.23344287276268005","9493","9493","9493","0.40968576073646545","0.40968576073646545","0.40968576073646545","3913","3913","3913"
"20","0.08455901592969894","0.08455901592969894","0.08455901592969894","39309","39309","39309","0.11556771397590637","0.11556771397590637","0.11556771397590637","29523","29523","29523","0.15429234504699707","0.15429234504699707","0.15429234504699707","19758","19758","19758","0.38561296463012695","0.38561296463012695","0.38561296463012695","9972","9972","9972","0.3598731458187103","0.3598731458187103","0.3598731458187103","4113","4113","4113"
"21","0.07406827062368393","0.07406827062368393","0.07406827062368393","41180","41180","41180","0.07552282512187958","0.07552282512187958","0.07552282512187958","30928","30928","30928","0.11443092674016953","0.11443092674016953","0.11443092674016953","20698","20698","20698","0.14044368267059326","0.14044368267059326","0.14044368267059326","10446","10446","10446","0.3434331715106964","0.3434331715106964","0.3434331715106964","4308","4308","4308"
"22","0.05683838948607445","0.05683838948607445","0.05683838948607445","43051","43051","43051","0.03279230743646622","0.03279230743646622","0.03279230743646622","32333","32333","32333","0.13713684678077698","0.13713684678077698","0.13713684678077698","21638","21638","21638","0.08260885626077652","0.08260885626077652","0.08260885626077652","10920","10920","10920","0.13480444252490997","0.13480444252490997","0.13480444252490997","4503","4503","4503"
"23","0.06659344583749771","0.06659344583749771","0.06659344583749771","44922","44922","44922","0.08864758908748627","0.08864758908748627","0.08864758908748627","33738","33738","33738","0.13999590277671814","0.13999590277671814","0.13999590277671814","22578","22578","22578","0.10506530106067657","0.10506530106067657","0.10506530106067657","11394","11394","11394","0.3990677297115326","0.3990677297115326","0.3990677297115326","4698","4698","4698"
"24","0.07517518848180771","0.07517518848180771","0.07517518848180771","46793","46793","46793","0.051043491810560226","0.051043491810560226","0.051043491810560226","35143","35143","35143","0.07263578474521637","0.07263578474521637","0.07263578474521637","23518","23518","23518","0.07036218792200089","0.07036218792200089","0.07036218792200089","11868","11868","11868","0.4774615168571472","0.4774615168571472","0.4774615168571472","4893","4893","4893"
"25","0.05626945570111275","0.05626945570111275","0.05626945570111275","48664","48664","48664","0.04727068915963173","0.04727068915963173","0.04727068915963173","36548","36548","36548","0.0971250906586647","0.0971250906586647","0.0971250906586647","24458","24458","24458","0.08236292749643326","0.08236292749643326","0.08236292749643326","12342","12342","12342","0.20185798406600952","0.20185798406600952","0.20185798406600952","5088","5088","5088"
"26","0.03758278116583824","0.03758278116583824","0.03758278116583824","50535","50535","50535","0.06266611069440842","0.06266611069440842","0.06266611069440842","37953","37953","37953","0.056313689798116684","0.056313689798116684","0.056313689798116684","25398","25398","25398","0.07415448129177094","0.07415448129177094","0.07415448129177094","12816","12816","12816","0.14362429082393646","0.14362429082393646","0.14362429082393646","5283","5283","5283"
"27","0.053206298500299454","0.053206298500299454","0.053206298500299454","52406","52406","52406","0.0363333597779274","0.0363333597779274","0.0363333597779274","39358","39358","39358","0.07581809163093567","0.07581809163093567","0.07581809163093567","26338","26338","26338","0.14696332812309265","0.14696332812309265","0.14696332812309265","13290","13290","13290","0.18381261825561523","0.18381261825561523","0.18381261825561523","5478","5478","5478"
"28","0.06306315958499908","0.06306315958499908","0.06306315958499908","54277","54277","54277","0.03883630409836769","0.03883630409836769","0.03883630409836769","40763","40763","40763","0.08125729113817215","0.08125729113817215","0.08125729113817215","27278","27278","27278","0.0714934691786766","0.0714934691786766","0.0714934691786766","13764","13764","13764","0.1336463838815689","0.1336463838815689","0.1336463838815689","5673","5673","5673"
"29","0.044766638427972794","0.044766638427972794","0.044766638427972794","56148","56148","56148","0.06458503007888794","0.06458503007888794","0.06458503007888794","42168","42168","42168","0.07964088767766953","0.07964088767766953","0.07964088767766953","28218","28218","28218","0.2347981482744217","0.2347981482744217","0.2347981482744217","14238","14238","14238","1.3563785552978516","1.3563785552978516","1.3563785552978516","5868","5868","5868"
"30","0.09765228629112244","0.09765228629112244","0.09765228629112244","58024","58024","58024","0.05151834338903427","0.05151834338903427","0.05151834338903427","43578","43578","43578","0.045486364513635635","0.045486364513635635","0.045486364513635635","29163","29163","29163","0.2328622192144394","0.2328622192144394","0.2328622192144394","14717","14717","14717","0.1604367196559906","0.1604367196559906","0.1604367196559906","6068","6068","6068"
"31","0.027492547407746315","0.027492547407746315","0.027492547407746315","59895","59895","59895","0.04568494111299515","0.04568494111299515","0.04568494111299515","44983","44983","44983","0.08155318349599838","0.08155318349599838","0.08155318349599838","30103","30103","30103","0.10855422168970108","0.10855422168970108","0.10855422168970108","15191","15191","15191","0.13992473483085632","0.13992473483085632","0.13992473483085632","6263","6263","6263"
"32","0.04050053656101227","0.04050053656101227","0.04050053656101227","61766","61766","61766","0.03371793031692505","0.03371793031692505","0.03371793031692505","46388","46388","46388","0.1046467050909996","0.1046467050909996","0.1046467050909996","31043","31043","31043","0.07878292351961136","0.07878292351961136","0.07878292351961136","15665","15665","15665","0.19557195901870728","0.19557195901870728","0.19557195901870728","6458","6458","6458"
"33","0.04542135074734688","0.04542135074734688","0.04542135074734688","63637","63637","63637","0.043736912310123444","0.043736912310123444","0.043736912310123444","47793","47793","47793","0.07042638212442398","0.07042638212442398","0.07042638212442398","31983","31983","31983","0.1082812249660492","0.1082812249660492","0.1082812249660492","16139","16139","16139","0.22347791492938995","0.22347791492938995","0.22347791492938995","6653","6653","6653"
"34","0.03634713217616081","0.03634713217616081","0.03634713217616081","65508","65508","65508","0.032406166195869446","0.032406166195869446","0.032406166195869446","49198","49198","49198","0.1719980686903","0.1719980686903","0.1719980686903","32923","32923","32923","0.05971083045005798","0.05971083045005798","0.05971083045005798","16613","16613","16613","0.2400650978088379","0.2400650978088379","0.2400650978088379","6848","6848","6848"
"35","0.050649531185626984","0.050649531185626984","0.050649531185626984","67379","67379","67379","0.037039339542388916","0.037039339542388916","0.037039339542388916","50603","50603","50603","0.0484800711274147","0.0484800711274147","0.0484800711274147","33863","33863","33863","0.1568538248538971","0.1568538248538971","0.1568538248538971","17087","17087","17087","0.2553551495075226","0.2553551495075226","0.2553551495075226","7043","7043","7043"
"36","0.03345178812742233","0.03345178812742233","0.03345178812742233","69250","69250","69250","0.03699984773993492","0.03699984773993492","0.03699984773993492","52008","52008","52008","0.06436331570148468","0.06436331570148468","0.06436331570148468","34803","34803","34803","0.1323242336511612","0.1323242336511612","0.1323242336511612","17561","17561","17561","0.42294251918792725","0.42294251918792725","0.42294251918792725","7238","7238","7238"
"37","0.04935850948095322","0.04935850948095322","0.04935850948095322","71121","71121","71121","0.04550613462924957","0.04550613462924957","0.04550613462924957","53413","53413","53413","0.0619216226041317","0.0619216226041317","0.0619216226041317","35743","35743","35743","0.21026170253753662","0.21026170253753662","0.21026170253753662","18035","18035","18035","0.3151484727859497","0.3151484727859497","0.3151484727859497","7433","7433","7433"
"38","0.04318048804998398","0.04318048804998398","0.04318048804998398","72992","72992","72992","0.04768962040543556","0.04768962040543556","0.04768962040543556","54818","54818","54818","0.058331198990345","0.058331198990345","0.058331198990345","36683","36683","36683","0.12796534597873688","0.12796534597873688","0.12796534597873688","18509","18509","18509","0.16905683279037476","0.16905683279037476","0.16905683279037476","7628","7628","7628"
"39","0.05592743307352066","0.05592743307352066","0.05592743307352066","74863","74863","74863","0.06356263160705566","0.06356263160705566","0.06356263160705566","56223","56223","56223","0.08347075432538986","0.08347075432538986","0.08347075432538986","37623","37623","37623","0.10926499217748642","0.10926499217748642","0.10926499217748642","18983","18983","18983","0.20386995375156403","0.20386995375156403","0.20386995375156403","7823","7823","7823"
"40","0.0391809344291687","0.0391809344291687","0.0391809344291687","76739","76739","76739","0.060970064252614975","0.060970064252614975","0.060970064252614975","57633","57633","57633","0.1452690213918686","0.1452690213918686","0.1452690213918686","38568","38568","38568","0.06077219545841217","0.06077219545841217","0.06077219545841217","19462","19462","19462","0.18771952390670776","0.18771952390670776","0.18771952390670776","8023","8023","8023"
"41","0.04005245491862297","0.04005245491862297","0.04005245491862297","78610","78610","78610","0.033441267907619476","0.033441267907619476","0.033441267907619476","59038","59038","59038","0.07383159548044205","0.07383159548044205","0.07383159548044205","39508","39508","39508","0.0483424998819828","0.0483424998819828","0.0483424998819828","19936","19936","19936","0.24264276027679443","0.24264276027679443","0.24264276027679443","8218","8218","8218"
"42","0.029593346640467644","0.029593346640467644","0.029593346640467644","80481","80481","80481","0.05583465099334717","0.05583465099334717","0.05583465099334717","60443","60443","60443","0.04047197103500366","0.04047197103500366","0.04047197103500366","40448","40448","40448","0.059774767607450485","0.059774767607450485","0.059774767607450485","20410","20410","20410","0.1568339616060257","0.1568339616060257","0.1568339616060257","8413","8413","8413"
"43","0.03437615931034088","0.03437615931034088","0.03437615931034088","82352","82352","82352","0.05590854212641716","0.05590854212641716","0.05590854212641716","61848","61848","61848","0.032019492238759995","0.032019492238759995","0.032019492238759995","41388","41388","41388","0.04987683892250061","0.04987683892250061","0.04987683892250061","20884","20884","20884","0.19840270280838013","0.19840270280838013","0.19840270280838013","8608","8608","8608"
"44","0.03580816462635994","0.03580816462635994","0.03580816462635994","84223","84223","84223","0.03303903713822365","0.03303903713822365","0.03303903713822365","63253","63253","63253","0.06699834764003754","0.06699834764003754","0.06699834764003754","42328","42328","42328","0.14946050941944122","0.14946050941944122","0.14946050941944122","21358","21358","21358","0.12825928628444672","0.12825928628444672","0.12825928628444672","8803","8803","8803"
"45","0.0709817036986351","0.0709817036986351","0.0709817036986351","86094","86094","86094","0.10902223736047745","0.10902223736047745","0.10902223736047745","64658","64658","64658","0.07025104016065598","0.07025104016065598","0.07025104016065598","43268","43268","43268","0.052717287093400955","0.052717287093400955","0.052717287093400955","21832","21832","21832","0.12525123357772827","0.12525123357772827","0.12525123357772827","8998","8998","8998"
"46","0.04756142944097519","0.04756142944097519","0.04756142944097519","87965","87965","87965","0.04122757911682129","0.04122757911682129","0.04122757911682129","66063","66063","66063","0.048421334475278854","0.048421334475278854","0.048421334475278854","44208","44208","44208","0.043153293430805206","0.043153293430805206","0.043153293430805206","22306","22306","22306","0.376492440700531","0.376492440700531","0.376492440700531","9193","9193","9193"
"47","0.03457403555512428","0.03457403555512428","0.03457403555512428","89836","89836","89836","0.02797475829720497","0.02797475829720497","0.02797475829720497","67468","67468","67468","0.07296192646026611","0.07296192646026611","0.07296192646026611","45148","45148","45148","0.18264442682266235","0.18264442682266235","0.18264442682266235","22780","22780","22780","0.3230518400669098","0.3230518400669098","0.3230518400669098","9388","9388","9388"
"48","0.04082199186086655","0.04082199186086655","0.04082199186086655","91707","91707","91707","0.08632791042327881","0.08632791042327881","0.08632791042327881","68873","68873","68873","0.04412882775068283","0.04412882775068283","0.04412882775068283","46088","46088","46088","0.15395376086235046","0.15395376086235046","0.15395376086235046","23254","23254","23254","0.23615093529224396","0.23615093529224396","0.23615093529224396","9583","9583","9583"
"49","0.04656708240509033","0.04656708240509033","0.04656708240509033","93578","93578","93578","0.04058770090341568","0.04058770090341568","0.04058770090341568","70278","70278","70278","0.06684974581003189","0.06684974581003189","0.06684974581003189","47028","47028","47028","0.0651787593960762","0.0651787593960762","0.0651787593960762","23728","23728","23728","0.4217854142189026","0.4217854142189026","0.4217854142189026","9778","9778","9778"
"50","0.03209207206964493","0.03209207206964493","0.03209207206964493","95454","95454","95454","0.0693938359618187","0.0693938359618187","0.0693938359618187","71688","71688","71688","0.052225057035684586","0.052225057035684586","0.052225057035684586","47973","47973","47973","0.05968966707587242","0.05968966707587242","0.05968966707587242","24207","24207","24207","0.10897407680749893","0.10897407680749893","0.10897407680749893","9978","9978","9978"
"51","0.03781618922948837","0.03781618922948837","0.03781618922948837","97325","97325","97325","0.08899606764316559","0.08899606764316559","0.08899606764316559","73093","73093","73093","0.05936923623085022","0.05936923623085022","0.05936923623085022","48913","48913","48913","0.1456916183233261","0.1456916183233261","0.1456916183233261","24681","24681","24681","0.15424498915672302","0.15424498915672302","0.15424498915672302","10173","10173","10173"
"52","0.05594149976968765","0.05594149976968765","0.05594149976968765","99196","99196","99196","0.043205928057432175","0.043205928057432175","0.043205928057432175","74498","74498","74498","0.06638676673173904","0.06638676673173904","0.06638676673173904","49853","49853","49853","0.0641760528087616","0.0641760528087616","0.0641760528087616","25155","25155","25155","0.09891504049301147","0.09891504049301147","0.09891504049301147","10368","10368","10368"
"53","0.037453942000865936","0.037453942000865936","0.037453942000865936","101067","101067","101067","0.07748417556285858","0.07748417556285858","0.07748417556285858","75903","75903","75903","0.0411929115653038","0.0411929115653038","0.0411929115653038","50793","50793","50793","0.051536109298467636","0.051536109298467636","0.051536109298467636","25629","25629","25629","0.42575228214263916","0.42575228214263916","0.42575228214263916","10563","10563","10563"
"54","0.04894356429576874","0.04894356429576874","0.04894356429576874","102938","102938","102938","0.02698310650885105","0.02698310650885105","0.02698310650885105","77308","77308","77308","0.09827907383441925","0.09827907383441925","0.09827907383441925","51733","51733","51733","0.06296514719724655","0.06296514719724655","0.06296514719724655","26103","26103","26103","0.2745651602745056","0.2745651602745056","0.2745651602745056","10758","10758","10758"
"55","0.03744564950466156","0.03744564950466156","0.03744564950466156","104809","104809","104809","0.03399723023176193","0.03399723023176193","0.03399723023176193","78713","78713","78713","0.05106944963335991","0.05106944963335991","0.05106944963335991","52673","52673","52673","0.0475957989692688","0.0475957989692688","0.0475957989692688","26577","26577","26577","0.5249221324920654","0.5249221324920654","0.5249221324920654","10953","10953","10953"
"56","0.07732619345188141","0.07732619345188141","0.07732619345188141","106680","106680","106680","0.05365994572639465","0.05365994572639465","0.05365994572639465","80118","80118","80118","0.05010085925459862","0.05010085925459862","0.05010085925459862","53613","53613","53613","0.03892434760928154","0.03892434760928154","0.03892434760928154","27051","27051","27051","0.18925358355045319","0.18925358355045319","0.18925358355045319","11148","11148","11148"
"57","0.026515426114201546","0.026515426114201546","0.026515426114201546","108551","108551","108551","0.05060650780797005","0.05060650780797005","0.05060650780797005","81523","81523","81523","0.030886171385645866","0.030886171385645866","0.030886171385645866","54553","54553","54553","0.1290990114212036","0.1290990114212036","0.1290990114212036","27525","27525","27525","0.14588801562786102","0.14588801562786102","0.14588801562786102","11343","11343","11343"
"58","0.03374457731842995","0.03374457731842995","0.03374457731842995","110422","110422","110422","0.045887961983680725","0.045887961983680725","0.045887961983680725","82928","82928","82928","0.1601998656988144","0.1601998656988144","0.1601998656988144","55493","55493","55493","0.05766237899661064","0.05766237899661064","0.05766237899661064","27999","27999","27999","0.07289495319128036","0.07289495319128036","0.07289495319128036","11538","11538","11538"
"59","0.051678117364645004","0.051678117364645004","0.051678117364645004","112293","112293","112293","0.03685755655169487","0.03685755655169487","0.03685755655169487","84333","84333","84333","0.029040833935141563","0.029040833935141563","0.029040833935141563","56433","56433","56433","0.1169239729642868","0.1169239729642868","0.1169239729642868","28473","28473","28473","0.4257773160934448","0.4257773160934448","0.4257773160934448","11733","11733","11733"
"60","0.03234708681702614","0.03234708681702614","0.03234708681702614","114169","114169","114169","0.035499073565006256","0.035499073565006256","0.035499073565006256","85743","85743","85743","0.03294582664966583","0.03294582664966583","0.03294582664966583","57378","57378","57378","0.10574989020824432","0.10574989020824432","0.10574989020824432","28952","28952","28952","0.1329321414232254","0.1329321414232254","0.1329321414232254","11933","11933","11933"
"61","0.0707845464348793","0.0707845464348793","0.0707845464348793","116040","116040","116040","0.04235953465104103","0.04235953465104103","0.04235953465104103","87148","87148","87148","0.03422714024782181","0.03422714024782181","0.03422714024782181","58318","58318","58318","0.10738931596279144","0.10738931596279144","0.10738931596279144","29426","29426","29426","0.19635215401649475","0.19635215401649475","0.19635215401649475","12128","12128","12128"
"62","0.04616415873169899","0.04616415873169899","0.04616415873169899","117911","117911","117911","0.03417056426405907","0.03417056426405907","0.03417056426405907","88553","88553","88553","0.11108321696519852","0.11108321696519852","0.11108321696519852","59258","59258","59258","0.04200339689850807","0.04200339689850807","0.04200339689850807","29900","29900","29900","0.17607168853282928","0.17607168853282928","0.17607168853282928","12323","12323","12323"
"63","0.0342678464949131","0.0342678464949131","0.0342678464949131","119782","119782","119782","0.07224272936582565","0.07224272936582565","0.07224272936582565","89958","89958","89958","0.06415565311908722","0.06415565311908722","0.06415565311908722","60198","60198","60198","0.06887570768594742","0.06887570768594742","0.06887570768594742","30374","30374","30374","0.10746682435274124","0.10746682435274124","0.10746682435274124","12518","12518","12518"
"64","0.05767953023314476","0.05767953023314476","0.05767953023314476","121653","121653","121653","0.03429948911070824","0.03429948911070824","0.03429948911070824","91363","91363","91363","0.09894923120737076","0.09894923120737076","0.09894923120737076","61138","61138","61138","0.07733609527349472","0.07733609527349472","0.07733609527349472","30848","30848","30848","0.28323009610176086","0.28323009610176086","0.28323009610176086","12713","12713","12713"
"65","0.025269918143749237","0.025269918143749237","0.025269918143749237","123524","123524","123524","0.03536691889166832","0.03536691889166832","0.03536691889166832","92768","92768","92768","0.03191645070910454","0.03191645070910454","0.03191645070910454","62078","62078","62078","0.05154677480459213","0.05154677480459213","0.05154677480459213","31322","31322","31322","0.09406976401805878","0.09406976401805878","0.09406976401805878","12908","12908","12908"
"66","0.03654779493808746","0.03654779493808746","0.03654779493808746","125395","125395","125395","0.06370586901903152","0.06370586901903152","0.06370586901903152","94173","94173","94173","0.09850909560918808","0.09850909560918808","0.09850909560918808","63018","63018","63018","0.13880610466003418","0.13880610466003418","0.13880610466003418","31796","31796","31796","0.14877668023109436","0.14877668023109436","0.14877668023109436","13103","13103","13103"
"67","0.050063539296388626","0.050063539296388626","0.050063539296388626","127266","127266","127266","0.037156738340854645","0.037156738340854645","0.037156738340854645","95578","95578","95578","0.03084031492471695","0.03084031492471695","0.03084031492471695","63958","63958","63958","0.09833551198244095","0.09833551198244095","0.09833551198244095","32270","32270","32270","0.08433820307254791","0.08433820307254791","0.08433820307254791","13298","13298","13298"
"68","0.03512197732925415","0.03512197732925415","0.03512197732925415","129137","129137","129137","0.02791227586567402","0.02791227586567402","0.02791227586567402","96983","96983","96983","0.09218396246433258","0.09218396246433258","0.09218396246433258","64898","64898","64898","0.043049149215221405","0.043049149215221405","0.043049149215221405","32744","32744","32744","0.1508031040430069","0.1508031040430069","0.1508031040430069","13493","13493","13493"
"69","0.16836613416671753","0.16836613416671753","0.16836613416671753","131008","131008","131008","0.08711744099855423","0.08711744099855423","0.08711744099855423","98388","98388","98388","0.03546929731965065","0.03546929731965065","0.03546929731965065","65838","65838","65838","0.15646107494831085","0.15646107494831085","0.15646107494831085","33218","33218","33218","0.36313140392303467","0.36313140392303467","0.36313140392303467","13688","13688","13688"
"70","0.030603302642703056","0.030603302642703056","0.030603302642703056","132884","132884","132884","0.04017851501703262","0.04017851501703262","0.04017851501703262","99798","99798","99798","0.03895595297217369","0.03895595297217369","0.03895595297217369","66783","66783","66783","0.10680045187473297","0.10680045187473297","0.10680045187473297","33697","33697","33697","0.06636734306812286","0.06636734306812286","0.06636734306812286","13888","13888","13888"
"71","0.06084254011511803","0.06084254011511803","0.06084254011511803","134755","134755","134755","0.04167521744966507","0.04167521744966507","0.04167521744966507","101203","101203","101203","0.08391549438238144","0.08391549438238144","0.08391549438238144","67723","67723","67723","0.05062425881624222","0.05062425881624222","0.05062425881624222","34171","34171","34171","0.06726961582899094","0.06726961582899094","0.06726961582899094","14083","14083","14083"
"72","0.060489483177661896","0.060489483177661896","0.060489483177661896","136626","136626","136626","0.026088450103998184","0.026088450103998184","0.026088450103998184","102608","102608","102608","0.026796745136380196","0.026796745136380196","0.026796745136380196","68663","68663","68663","0.07662452012300491","0.07662452012300491","0.07662452012300491","34645","34645","34645","0.09590709954500198","0.09590709954500198","0.09590709954500198","14278","14278","14278"
"73","0.07169130444526672","0.07169130444526672","0.07169130444526672","138497","138497","138497","0.023984985426068306","0.023984985426068306","0.023984985426068306","104013","104013","104013","0.047949232161045074","0.047949232161045074","0.047949232161045074","69603","69603","69603","0.04014689475297928","0.04014689475297928","0.04014689475297928","35119","35119","35119","0.08875010162591934","0.08875010162591934","0.08875010162591934","14473","14473","14473"
"74","0.05748777836561203","0.05748777836561203","0.05748777836561203","140368","140368","140368","0.029032936319708824","0.029032936319708824","0.029032936319708824","105418","105418","105418","0.07934638112783432","0.07934638112783432","0.07934638112783432","70543","70543","70543","0.07610106468200684","0.07610106468200684","0.07610106468200684","35593","35593","35593","0.08843563497066498","0.08843563497066498","0.08843563497066498","14668","14668","14668"
"75","0.03175555169582367","0.03175555169582367","0.03175555169582367","142239","142239","142239","0.038945525884628296","0.038945525884628296","0.038945525884628296","106823","106823","106823","0.06489770114421844","0.06489770114421844","0.06489770114421844","71483","71483","71483","0.03712035343050957","0.03712035343050957","0.03712035343050957","36067","36067","36067","0.15798990428447723","0.15798990428447723","0.15798990428447723","14863","14863","14863"
"76","0.047821417450904846","0.047821417450904846","0.047821417450904846","144110","144110","144110","0.051037032157182693","0.051037032157182693","0.051037032157182693","108228","108228","108228","0.053562428802251816","0.053562428802251816","0.053562428802251816","72423","72423","72423","0.07672549784183502","0.07672549784183502","0.07672549784183502","36541","36541","36541","0.08252521604299545","0.08252521604299545","0.08252521604299545","15058","15058","15058"
"77","0.047943394631147385","0.047943394631147385","0.047943394631147385","145981","145981","145981","0.037295252084732056","0.037295252084732056","0.037295252084732056","109633","109633","109633","0.044053833931684494","0.044053833931684494","0.044053833931684494","73363","73363","73363","0.03519267961382866","0.03519267961382866","0.03519267961382866","37015","37015","37015","0.12564301490783691","0.12564301490783691","0.12564301490783691","15253","15253","15253"
"78","0.067655049264431","0.067655049264431","0.067655049264431","147852","147852","147852","0.07028187066316605","0.07028187066316605","0.07028187066316605","111038","111038","111038","0.08250453323125839","0.08250453323125839","0.08250453323125839","74303","74303","74303","0.05511472374200821","0.05511472374200821","0.05511472374200821","37489","37489","37489","0.09333763271570206","0.09333763271570206","0.09333763271570206","15448","15448","15448"
"79","0.028813300654292107","0.028813300654292107","0.028813300654292107","149723","149723","149723","0.03281650319695473","0.03281650319695473","0.03281650319695473","112443","112443","112443","0.037073537707328796","0.037073537707328796","0.037073537707328796","75243","75243","75243","0.04517507180571556","0.04517507180571556","0.04517507180571556","37963","37963","37963","0.07509975135326385","0.07509975135326385","0.07509975135326385","15643","15643","15643"
"80","0.04239673912525177","0.04239673912525177","0.04239673912525177","151599","151599","151599","0.03443315625190735","0.03443315625190735","0.03443315625190735","113853","113853","113853","0.05589568614959717","0.05589568614959717","0.05589568614959717","76188","76188","76188","0.03374389559030533","0.03374389559030533","0.03374389559030533","38442","38442","38442","0.12182290852069855","0.12182290852069855","0.12182290852069855","15843","15843","15843"
"81","0.08297092467546463","0.08297092467546463","0.08297092467546463","153470","153470","153470","0.04690968990325928","0.04690968990325928","0.04690968990325928","115258","115258","115258","0.06013750657439232","0.06013750657439232","0.06013750657439232","77128","77128","77128","0.09550339728593826","0.09550339728593826","0.09550339728593826","38916","38916","38916","0.07963447272777557","0.07963447272777557","0.07963447272777557","16038","16038","16038"
"82","0.07019119709730148","0.07019119709730148","0.07019119709730148","155341","155341","155341","0.03139423951506615","0.03139423951506615","0.03139423951506615","116663","116663","116663","0.04655472934246063","0.04655472934246063","0.04655472934246063","78068","78068","78068","0.047715216875076294","0.047715216875076294","0.047715216875076294","39390","39390","39390","0.09628944098949432","0.09628944098949432","0.09628944098949432","16233","16233","16233"
"83","0.030626894906163216","0.030626894906163216","0.030626894906163216","157212","157212","157212","0.0757674053311348","0.0757674053311348","0.0757674053311348","118068","118068","118068","0.0861479640007019","0.0861479640007019","0.0861479640007019","79008","79008","79008","0.05444362759590149","0.05444362759590149","0.05444362759590149","39864","39864","39864","0.11621547490358353","0.11621547490358353","0.11621547490358353","16428","16428","16428"
"84","0.050451286137104034","0.050451286137104034","0.050451286137104034","159083","159083","159083","0.04332409426569939","0.04332409426569939","0.04332409426569939","119473","119473","119473","0.05411753058433533","0.05411753058433533","0.05411753058433533","79948","79948","79948","0.054283831268548965","0.054283831268548965","0.054283831268548965","40338","40338","40338","0.11944037675857544","0.11944037675857544","0.11944037675857544","16623","16623","16623"
"85","0.028332959860563278","0.028332959860563278","0.028332959860563278","160954","160954","160954","0.06331070512533188","0.06331070512533188","0.06331070512533188","120878","120878","120878","0.06262082606554031","0.06262082606554031","0.06262082606554031","80888","80888","80888","0.04135487601161003","0.04135487601161003","0.04135487601161003","40812","40812","40812","0.05773894488811493","0.05773894488811493","0.05773894488811493","16818","16818","16818"
"86","0.08091676980257034","0.08091676980257034","0.08091676980257034","162825","162825","162825","0.04032669588923454","0.04032669588923454","0.04032669588923454","122283","122283","122283","0.03838871046900749","0.03838871046900749","0.03838871046900749","81828","81828","81828","0.03285624459385872","0.03285624459385872","0.03285624459385872","41286","41286","41286","0.10663659125566483","0.10663659125566483","0.10663659125566483","17013","17013","17013"
"87","0.03874887526035309","0.03874887526035309","0.03874887526035309","164696","164696","164696","0.03200746327638626","0.03200746327638626","0.03200746327638626","123688","123688","123688","0.055768318474292755","0.055768318474292755","0.055768318474292755","82768","82768","82768","0.04720098525285721","0.04720098525285721","0.04720098525285721","41760","41760","41760","0.1723913699388504","0.1723913699388504","0.1723913699388504","17208","17208","17208"
"88","0.02929447405040264","0.02929447405040264","0.02929447405040264","166567","166567","166567","0.036916933953762054","0.036916933953762054","0.036916933953762054","125093","125093","125093","0.03730444610118866","0.03730444610118866","0.03730444610118866","83708","83708","83708","0.11962012201547623","0.11962012201547623","0.11962012201547623","42234","42234","42234","0.1192350909113884","0.1192350909113884","0.1192350909113884","17403","17403","17403"
"89","0.06527020037174225","0.06527020037174225","0.06527020037174225","168438","168438","168438","0.03412206098437309","0.03412206098437309","0.03412206098437309","126498","126498","126498","0.07761485129594803","0.07761485129594803","0.07761485129594803","84648","84648","84648","0.032407067716121674","0.032407067716121674","0.032407067716121674","42708","42708","42708","0.055305834859609604","0.055305834859609604","0.055305834859609604","17598","17598","17598"
"90","0.037872832268476486","0.037872832268476486","0.037872832268476486","170314","170314","170314","0.03983134403824806","0.03983134403824806","0.03983134403824806","127908","127908","127908","0.03340950235724449","0.03340950235724449","0.03340950235724449","85593","85593","85593","0.09183121472597122","0.09183121472597122","0.09183121472597122","43187","43187","43187","0.09015669673681259","0.09015669673681259","0.09015669673681259","17798","17798","17798"
"91","0.05871226638555527","0.05871226638555527","0.05871226638555527","172185","172185","172185","0.04561828821897507","0.04561828821897507","0.04561828821897507","129313","129313","129313","0.033876512199640274","0.033876512199640274","0.033876512199640274","86533","86533","86533","0.044303104281425476","0.044303104281425476","0.044303104281425476","43661","43661","43661","0.17187835276126862","0.17187835276126862","0.17187835276126862","17993","17993","17993"
"92","0.033156730234622955","0.033156730234622955","0.033156730234622955","174056","174056","174056","0.03913773596286774","0.03913773596286774","0.03913773596286774","130718","130718","130718","0.03196215629577637","0.03196215629577637","0.03196215629577637","87473","87473","87473","0.06173432990908623","0.06173432990908623","0.06173432990908623","44135","44135","44135","0.09733077138662338","0.09733077138662338","0.09733077138662338","18188","18188","18188"
"93","0.05257638543844223","0.05257638543844223","0.05257638543844223","175927","175927","175927","0.04713987931609154","0.04713987931609154","0.04713987931609154","132123","132123","132123","0.04303666204214096","0.04303666204214096","0.04303666204214096","88413","88413","88413","0.059691812843084335","0.059691812843084335","0.059691812843084335","44609","44609","44609","0.11850803345441818","0.11850803345441818","0.11850803345441818","18383","18383","18383"
"94","0.045985911041498184","0.045985911041498184","0.045985911041498184","177798","177798","177798","0.042035382241010666","0.042035382241010666","0.042035382241010666","133528","133528","133528","0.06439909338951111","0.06439909338951111","0.06439909338951111","89353","89353","89353","0.044810742139816284","0.044810742139816284","0.044810742139816284","45083","45083","45083","0.14565791189670563","0.14565791189670563","0.14565791189670563","18578","18578","18578"
"95","0.0836811363697052","0.0836811363697052","0.0836811363697052","179669","179669","179669","0.05409292131662369","0.05409292131662369","0.05409292131662369","134933","134933","134933","0.09227313846349716","0.09227313846349716","0.09227313846349716","90293","90293","90293","0.03793687745928764","0.03793687745928764","0.03793687745928764","45557","45557","45557","0.08045855164527893","0.08045855164527893","0.08045855164527893","18773","18773","18773"
"96","0.04179342836141586","0.04179342836141586","0.04179342836141586","181540","181540","181540","0.06378698348999023","0.06378698348999023","0.06378698348999023","136338","136338","136338","0.08527601510286331","0.08527601510286331","0.08527601510286331","91233","91233","91233","0.05752107873558998","0.05752107873558998","0.05752107873558998","46031","46031","46031","0.1278766691684723","0.1278766691684723","0.1278766691684723","18968","18968","18968"
"97","0.04492027312517166","0.04492027312517166","0.04492027312517166","183411","183411","183411","0.09244183450937271","0.09244183450937271","0.09244183450937271","137743","137743","137743","0.0865606963634491","0.0865606963634491","0.0865606963634491","92173","92173","92173","0.07551620900630951","0.07551620900630951","0.07551620900630951","46505","46505","46505","0.07727305591106415","0.07727305591106415","0.07727305591106415","19163","19163","19163"
"98","0.077358677983284","0.077358677983284","0.077358677983284","185282","185282","185282","0.08600537478923798","0.08600537478923798","0.08600537478923798","139148","139148","139148","0.03016471303999424","0.03016471303999424","0.03016471303999424","93113","93113","93113","0.058206625282764435","0.058206625282764435","0.058206625282764435","46979","46979","46979","0.10147687047719955","0.10147687047719955","0.10147687047719955","19358","19358","19358"
"99","0.052683863788843155","0.052683863788843155","0.052683863788843155","187153","187153","187153","0.04161159321665764","0.04161159321665764","0.04161159321665764","140553","140553","140553","0.03944944590330124","0.03944944590330124","0.03944944590330124","94053","94053","94053","0.05274583026766777","0.05274583026766777","0.05274583026766777","47453","47453","47453","0.09058192372322083","0.09058192372322083","0.09058192372322083","19553","19553","19553"
"100","0.039394184947013855","0.039394184947013855","0.039394184947013855","189029","189029","189029","0.03741052746772766","0.03741052746772766","0.03741052746772766","141963","141963","141963","0.022269543260335922","0.022269543260335922","0.022269543260335922","94998","94998","94998","0.03965505585074425","0.03965505585074425","0.03965505585074425","47932","47932","47932","0.13469499349594116","0.13469499349594116","0.13469499349594116","19753","19753","19753"
"101","0.025469252839684486","0.025469252839684486","0.025469252839684486","190900","190900","190900","0.02705812267959118","0.02705812267959118","0.02705812267959118","143368","143368","143368","0.03947250545024872","0.03947250545024872","0.03947250545024872","95938","95938","95938","0.043065182864665985","0.043065182864665985","0.043065182864665985","48406","48406","48406","0.18682311475276947","0.18682311475276947","0.18682311475276947","19948","19948","19948"
"102","0.027266131713986397","0.027266131713986397","0.027266131713986397","192771","192771","192771","0.034732479602098465","0.034732479602098465","0.034732479602098465","144773","144773","144773","0.03561778366565704","0.03561778366565704","0.03561778366565704","96878","96878","96878","0.10114739835262299","0.10114739835262299","0.10114739835262299","48880","48880","48880","0.08181691914796829","0.08181691914796829","0.08181691914796829","20143","20143","20143"
"103","0.04103368520736694","0.04103368520736694","0.04103368520736694","194642","194642","194642","0.04377629980444908","0.04377629980444908","0.04377629980444908","146178","146178","146178","0.03050524741411209","0.03050524741411209","0.03050524741411209","97818","97818","97818","0.058494143187999725","0.058494143187999725","0.058494143187999725","49354","49354","49354","0.08611716330051422","0.08611716330051422","0.08611716330051422","20338","20338","20338"
"104","0.04000047966837883","0.04000047966837883","0.04000047966837883","196513","196513","196513","0.0854373499751091","0.0854373499751091","0.0854373499751091","147583","147583","147583","0.05019669979810715","0.05019669979810715","0.05019669979810715","98758","98758","98758","0.048558659851551056","0.048558659851551056","0.048558659851551056","49828","49828","49828","0.1712445318698883","0.1712445318698883","0.1712445318698883","20533","20533","20533"
"105","0.07473292946815491","0.07473292946815491","0.07473292946815491","198384","198384","198384","0.044727593660354614","0.044727593660354614","0.044727593660354614","148988","148988","148988","0.04458887502551079","0.04458887502551079","0.04458887502551079","99698","99698","99698","0.03403683006763458","0.03403683006763458","0.03403683006763458","50302","50302","50302","0.1312972605228424","0.1312972605228424","0.1312972605228424","20728","20728","20728"
"106","0.12492341548204422","0.12492341548204422","0.12492341548204422","200255","200255","200255","0.055184442549943924","0.055184442549943924","0.055184442549943924","150393","150393","150393","0.04174484312534332","0.04174484312534332","0.04174484312534332","100638","100638","100638","0.05730820819735527","0.05730820819735527","0.05730820819735527","50776","50776","50776","0.09675467014312744","0.09675467014312744","0.09675467014312744","20923","20923","20923"
"107","0.07231229543685913","0.07231229543685913","0.07231229543685913","202126","202126","202126","0.031064605340361595","0.031064605340361595","0.031064605340361595","151798","151798","151798","0.08595795184373856","0.08595795184373856","0.08595795184373856","101578","101578","101578","0.03413363918662071","0.03413363918662071","0.03413363918662071","51250","51250","51250","0.0745660811662674","0.0745660811662674","0.0745660811662674","21118","21118","21118"
"108","0.056213196367025375","0.056213196367025375","0.056213196367025375","203997","203997","203997","0.030388424172997475","0.030388424172997475","0.030388424172997475","153203","153203","153203","0.09492787718772888","0.09492787718772888","0.09492787718772888","102518","102518","102518","0.04834502562880516","0.04834502562880516","0.04834502562880516","51724","51724","51724","0.1882200390100479","0.1882200390100479","0.1882200390100479","21313","21313","21313"
"109","0.08265776187181473","0.08265776187181473","0.08265776187181473","205868","205868","205868","0.08806359767913818","0.08806359767913818","0.08806359767913818","154608","154608","154608","0.04120906442403793","0.04120906442403793","0.04120906442403793","103458","103458","103458","0.04958612471818924","0.04958612471818924","0.04958612471818924","52198","52198","52198","0.130307137966156","0.130307137966156","0.130307137966156","21508","21508","21508"
"110","0.11389391869306564","0.11389391869306564","0.11389391869306564","207744","207744","207744","0.07417018711566925","0.07417018711566925","0.07417018711566925","156018","156018","156018","0.054297566413879395","0.054297566413879395","0.054297566413879395","104403","104403","104403","0.033296797424554825","0.033296797424554825","0.033296797424554825","52677","52677","52677","0.15464434027671814","0.15464434027671814","0.15464434027671814","21708","21708","21708"
"111","0.08250653743743896","0.08250653743743896","0.08250653743743896","209615","209615","209615","0.07063406705856323","0.07063406705856323","0.07063406705856323","157423","157423","157423","0.0542725995182991","0.0542725995182991","0.0542725995182991","105343","105343","105343","0.09311787784099579","0.09311787784099579","0.09311787784099579","53151","53151","53151","0.07402970641851425","0.07402970641851425","0.07402970641851425","21903","21903","21903"
"112","0.05721365660429001","0.05721365660429001","0.05721365660429001","211486","211486","211486","0.05554914474487305","0.05554914474487305","0.05554914474487305","158828","158828","158828","0.044707559049129486","0.044707559049129486","0.044707559049129486","106283","106283","106283","0.05902069807052612","0.05902069807052612","0.05902069807052612","53625","53625","53625","0.05043118819594383","0.05043118819594383","0.05043118819594383","22098","22098","22098"
"113","0.04880084469914436","0.04880084469914436","0.04880084469914436","213357","213357","213357","0.046568743884563446","0.046568743884563446","0.046568743884563446","160233","160233","160233","0.05964568257331848","0.05964568257331848","0.05964568257331848","107223","107223","107223","0.036147281527519226","0.036147281527519226","0.036147281527519226","54099","54099","54099","0.19137680530548096","0.19137680530548096","0.19137680530548096","22293","22293","22293"
"114","0.1013495996594429","0.1013495996594429","0.1013495996594429","215228","215228","215228","0.040122758597135544","0.040122758597135544","0.040122758597135544","161638","161638","161638","0.038232140243053436","0.038232140243053436","0.038232140243053436","108163","108163","108163","0.057329654693603516","0.057329654693603516","0.057329654693603516","54573","54573","54573","0.12354282289743423","0.12354282289743423","0.12354282289743423","22488","22488","22488"
"115","0.05517194792628288","0.05517194792628288","0.05517194792628288","217099","217099","217099","0.08617130666971207","0.08617130666971207","0.08617130666971207","163043","163043","163043","0.03328857570886612","0.03328857570886612","0.03328857570886612","109103","109103","109103","0.09766119718551636","0.09766119718551636","0.09766119718551636","55047","55047","55047","0.09679946303367615","0.09679946303367615","0.09679946303367615","22683","22683","22683"
"116","0.0239972285926342","0.0239972285926342","0.0239972285926342","218970","218970","218970","0.03554442524909973","0.03554442524909973","0.03554442524909973","164448","164448","164448","0.0536225251853466","0.0536225251853466","0.0536225251853466","110043","110043","110043","0.05656164884567261","0.05656164884567261","0.05656164884567261","55521","55521","55521","0.13643306493759155","0.13643306493759155","0.13643306493759155","22878","22878","22878"
"117","0.050498273223638535","0.050498273223638535","0.050498273223638535","220841","220841","220841","0.02964520826935768","0.02964520826935768","0.02964520826935768","165853","165853","165853","0.04421810060739517","0.04421810060739517","0.04421810060739517","110983","110983","110983","0.047458987683057785","0.047458987683057785","0.047458987683057785","55995","55995","55995","0.03766443207859993","0.03766443207859993","0.03766443207859993","23073","23073","23073"
"118","0.06202369183301926","0.06202369183301926","0.06202369183301926","222712","222712","222712","0.031238708645105362","0.031238708645105362","0.031238708645105362","167258","167258","167258","0.0840996652841568","0.0840996652841568","0.0840996652841568","111923","111923","111923","0.06777892261743546","0.06777892261743546","0.06777892261743546","56469","56469","56469","0.09606046229600906","0.09606046229600906","0.09606046229600906","23268","23268","23268"
"119","0.03232719004154205","0.03232719004154205","0.03232719004154205","224583","224583","224583","0.05339456722140312","0.05339456722140312","0.05339456722140312","168663","168663","168663","0.026758350431919098","0.026758350431919098","0.026758350431919098","112863","112863","112863","0.061398591846227646","0.061398591846227646","0.061398591846227646","56943","56943","56943","0.05549251288175583","0.05549251288175583","0.05549251288175583","23463","23463","23463"
"120","0.04086556285619736","0.04086556285619736","0.04086556285619736","226459","226459","226459","0.06594603508710861","0.06594603508710861","0.06594603508710861","170073","170073","170073","0.10548707842826843","0.10548707842826843","0.10548707842826843","113808","113808","113808","0.038080476224422455","0.038080476224422455","0.038080476224422455","57422","57422","57422","0.09209024161100388","0.09209024161100388","0.09209024161100388","23663","23663","23663"
"121","0.027091002091765404","0.027091002091765404","0.027091002091765404","228330","228330","228330","0.028765903785824776","0.028765903785824776","0.028765903785824776","171478","171478","171478","0.04510299488902092","0.04510299488902092","0.04510299488902092","114748","114748","114748","0.035568829625844955","0.035568829625844955","0.035568829625844955","57896","57896","57896","0.06207031011581421","0.06207031011581421","0.06207031011581421","23858","23858","23858"
"122","0.09272713214159012","0.09272713214159012","0.09272713214159012","230201","230201","230201","0.029720231890678406","0.029720231890678406","0.029720231890678406","172883","172883","172883","0.04574110731482506","0.04574110731482506","0.04574110731482506","115688","115688","115688","0.0327657088637352","0.0327657088637352","0.0327657088637352","58370","58370","58370","0.10740718245506287","0.10740718245506287","0.10740718245506287","24053","24053","24053"
"123","0.08682627975940704","0.08682627975940704","0.08682627975940704","232072","232072","232072","0.044338688254356384","0.044338688254356384","0.044338688254356384","174288","174288","174288","0.05972209945321083","0.05972209945321083","0.05972209945321083","116628","116628","116628","0.044361330568790436","0.044361330568790436","0.044361330568790436","58844","58844","58844","0.06079927459359169","0.06079927459359169","0.06079927459359169","24248","24248","24248"
"124","0.0526450090110302","0.0526450090110302","0.0526450090110302","233943","233943","233943","0.03896743059158325","0.03896743059158325","0.03896743059158325","175693","175693","175693","0.07591340690851212","0.07591340690851212","0.07591340690851212","117568","117568","117568","0.03317206725478172","0.03317206725478172","0.03317206725478172","59318","59318","59318","0.06094754487276077","0.06094754487276077","0.06094754487276077","24443","24443","24443"
"125","0.07592333853244781","0.07592333853244781","0.07592333853244781","235814","235814","235814","0.04039746895432472","0.04039746895432472","0.04039746895432472","177098","177098","177098","0.034661389887332916","0.034661389887332916","0.034661389887332916","118508","118508","118508","0.040066927671432495","0.040066927671432495","0.040066927671432495","59792","59792","59792","0.06043144315481186","0.06043144315481186","0.06043144315481186","24638","24638","24638"
"126","0.024861779063940048","0.024861779063940048","0.024861779063940048","237685","237685","237685","0.03358922153711319","0.03358922153711319","0.03358922153711319","178503","178503","178503","0.05945172533392906","0.05945172533392906","0.05945172533392906","119448","119448","119448","0.048490192741155624","0.048490192741155624","0.048490192741155624","60266","60266","60266","0.07349926978349686","0.07349926978349686","0.07349926978349686","24833","24833","24833"
"127","0.09575792402029037","0.09575792402029037","0.09575792402029037","239556","239556","239556","0.041790228337049484","0.041790228337049484","0.041790228337049484","179908","179908","179908","0.05417545884847641","0.05417545884847641","0.05417545884847641","120388","120388","120388","0.04584389925003052","0.04584389925003052","0.04584389925003052","60740","60740","60740","0.1266968697309494","0.1266968697309494","0.1266968697309494","25028","25028","25028"
"128","0.042971204966306686","0.042971204966306686","0.042971204966306686","241427","241427","241427","0.05050435662269592","0.05050435662269592","0.05050435662269592","181313","181313","181313","0.03296458348631859","0.03296458348631859","0.03296458348631859","121328","121328","121328","0.03436408191919327","0.03436408191919327","0.03436408191919327","61214","61214","61214","0.1636013686656952","0.1636013686656952","0.1636013686656952","25223","25223","25223"
"129","0.03548351675271988","0.03548351675271988","0.03548351675271988","243298","243298","243298","0.03806239366531372","0.03806239366531372","0.03806239366531372","182718","182718","182718","0.028921935707330704","0.028921935707330704","0.028921935707330704","122268","122268","122268","0.056619226932525635","0.056619226932525635","0.056619226932525635","61688","61688","61688","0.11236154288053513","0.11236154288053513","0.11236154288053513","25418","25418","25418"
"130","0.0496540367603302","0.0496540367603302","0.0496540367603302","245174","245174","245174","0.04155226796865463","0.04155226796865463","0.04155226796865463","184128","184128","184128","0.07952982932329178","0.07952982932329178","0.07952982932329178","123213","123213","123213","0.04101257771253586","0.04101257771253586","0.04101257771253586","62167","62167","62167","0.06331249326467514","0.06331249326467514","0.06331249326467514","25618","25618","25618"
"131","0.06903406232595444","0.06903406232595444","0.06903406232595444","247045","247045","247045","0.10258398950099945","0.10258398950099945","0.10258398950099945","185533","185533","185533","0.05789570137858391","0.05789570137858391","0.05789570137858391","124153","124153","124153","0.03232564404606819","0.03232564404606819","0.03232564404606819","62641","62641","62641","0.17211449146270752","0.17211449146270752","0.17211449146270752","25813","25813","25813"
"132","0.1042727455496788","0.1042727455496788","0.1042727455496788","248916","248916","248916","0.04663929343223572","0.04663929343223572","0.04663929343223572","186938","186938","186938","0.04121870547533035","0.04121870547533035","0.04121870547533035","125093","125093","125093","0.038677532225847244","0.038677532225847244","0.038677532225847244","63115","63115","63115","0.06416218727827072","0.06416218727827072","0.06416218727827072","26008","26008","26008"
"133","0.13243696093559265","0.13243696093559265","0.13243696093559265","250787","250787","250787","0.07114774733781815","0.07114774733781815","0.07114774733781815","188343","188343","188343","0.05180836096405983","0.05180836096405983","0.05180836096405983","126033","126033","126033","0.05274762958288193","0.05274762958288193","0.05274762958288193","63589","63589","63589","0.04952661320567131","0.04952661320567131","0.04952661320567131","26203","26203","26203"
"134","0.039291515946388245","0.039291515946388245","0.039291515946388245","252658","252658","252658","0.06446585059165955","0.06446585059165955","0.06446585059165955","189748","189748","189748","0.0602642297744751","0.0602642297744751","0.0602642297744751","126973","126973","126973","0.07752305269241333","0.07752305269241333","0.07752305269241333","64063","64063","64063","0.08174586296081543","0.08174586296081543","0.08174586296081543","26398","26398","26398"
"135","0.035324826836586","0.035324826836586","0.035324826836586","254529","254529","254529","0.04645335674285889","0.04645335674285889","0.04645335674285889","191153","191153","191153","0.033172205090522766","0.033172205090522766","0.033172205090522766","127913","127913","127913","0.06979158520698547","0.06979158520698547","0.06979158520698547","64537","64537","64537","0.056766919791698456","0.056766919791698456","0.056766919791698456","26593","26593","26593"
"136","0.03851992264389992","0.03851992264389992","0.03851992264389992","256400","256400","256400","0.026962533593177795","0.026962533593177795","0.026962533593177795","192558","192558","192558","0.04665520042181015","0.04665520042181015","0.04665520042181015","128853","128853","128853","0.08333691209554672","0.08333691209554672","0.08333691209554672","65011","65011","65011","0.07207664847373962","0.07207664847373962","0.07207664847373962","26788","26788","26788"
"137","0.07039804011583328","0.07039804011583328","0.07039804011583328","258271","258271","258271","0.0382046140730381","0.0382046140730381","0.0382046140730381","193963","193963","193963","0.04937194660305977","0.04937194660305977","0.04937194660305977","129793","129793","129793","0.03730032965540886","0.03730032965540886","0.03730032965540886","65485","65485","65485","0.16317038238048553","0.16317038238048553","0.16317038238048553","26983","26983","26983"
"138","0.029003039002418518","0.029003039002418518","0.029003039002418518","260142","260142","260142","0.030590923503041267","0.030590923503041267","0.030590923503041267","195368","195368","195368","0.046076662838459015","0.046076662838459015","0.046076662838459015","130733","130733","130733","0.03506690263748169","0.03506690263748169","0.03506690263748169","65959","65959","65959","0.06822364777326584","0.06822364777326584","0.06822364777326584","27178","27178","27178"
"139","0.04009915888309479","0.04009915888309479","0.04009915888309479","262013","262013","262013","0.06102197617292404","0.06102197617292404","0.06102197617292404","196773","196773","196773","0.02494839020073414","0.02494839020073414","0.02494839020073414","131673","131673","131673","0.07412128150463104","0.07412128150463104","0.07412128150463104","66433","66433","66433","0.078228659927845","0.078228659927845","0.078228659927845","27373","27373","27373"
"140","0.09231052547693253","0.09231052547693253","0.09231052547693253","263889","263889","263889","0.03304941952228546","0.03304941952228546","0.03304941952228546","198183","198183","198183","0.04462006315588951","0.04462006315588951","0.04462006315588951","132618","132618","132618","0.055863361805677414","0.055863361805677414","0.055863361805677414","66912","66912","66912","0.0634809136390686","0.0634809136390686","0.0634809136390686","27573","27573","27573"
"141","0.029005609452724457","0.029005609452724457","0.029005609452724457","265760","265760","265760","0.05612587183713913","0.05612587183713913","0.05612587183713913","199588","199588","199588","0.13264572620391846","0.13264572620391846","0.13264572620391846","133558","133558","133558","0.04354842007160187","0.04354842007160187","0.04354842007160187","67386","67386","67386","0.06059449538588524","0.06059449538588524","0.06059449538588524","27768","27768","27768"
"142","0.03625773265957832","0.03625773265957832","0.03625773265957832","267631","267631","267631","0.04552082717418671","0.04552082717418671","0.04552082717418671","200993","200993","200993","0.045459356158971786","0.045459356158971786","0.045459356158971786","134498","134498","134498","0.031419336795806885","0.031419336795806885","0.031419336795806885","67860","67860","67860","0.04954357445240021","0.04954357445240021","0.04954357445240021","27963","27963","27963"
"143","0.05613071098923683","0.05613071098923683","0.05613071098923683","269502","269502","269502","0.07465651631355286","0.07465651631355286","0.07465651631355286","202398","202398","202398","0.03554714843630791","0.03554714843630791","0.03554714843630791","135438","135438","135438","0.06043138727545738","0.06043138727545738","0.06043138727545738","68334","68334","68334","0.1889696568250656","0.1889696568250656","0.1889696568250656","28158","28158","28158"
"144","0.030095595866441727","0.030095595866441727","0.030095595866441727","271373","271373","271373","0.06834006309509277","0.06834006309509277","0.06834006309509277","203803","203803","203803","0.04182060435414314","0.04182060435414314","0.04182060435414314","136378","136378","136378","0.13862641155719757","0.13862641155719757","0.13862641155719757","68808","68808","68808","0.04469535872340202","0.04469535872340202","0.04469535872340202","28353","28353","28353"
"145","0.03995126113295555","0.03995126113295555","0.03995126113295555","273244","273244","273244","0.06798157095909119","0.06798157095909119","0.06798157095909119","205208","205208","205208","0.05378144979476929","0.05378144979476929","0.05378144979476929","137318","137318","137318","0.042621955275535583","0.042621955275535583","0.042621955275535583","69282","69282","69282","0.12343504279851913","0.12343504279851913","0.12343504279851913","28548","28548","28548"
"146","0.040238603949546814","0.040238603949546814","0.040238603949546814","275115","275115","275115","0.03303970396518707","0.03303970396518707","0.03303970396518707","206613","206613","206613","0.04180290549993515","0.04180290549993515","0.04180290549993515","138258","138258","138258","0.02894073911011219","0.02894073911011219","0.02894073911011219","69756","69756","69756","0.06417865306138992","0.06417865306138992","0.06417865306138992","28743","28743","28743"
"147","0.043798308819532394","0.043798308819532394","0.043798308819532394","276986","276986","276986","0.041179757565259933","0.041179757565259933","0.041179757565259933","208018","208018","208018","0.05564839392900467","0.05564839392900467","0.05564839392900467","139198","139198","139198","0.027773378416895866","0.027773378416895866","0.027773378416895866","70230","70230","70230","0.07359041273593903","0.07359041273593903","0.07359041273593903","28938","28938","28938"
"148","0.07162151485681534","0.07162151485681534","0.07162151485681534","278857","278857","278857","0.05727735161781311","0.05727735161781311","0.05727735161781311","209423","209423","209423","0.0392453633248806","0.0392453633248806","0.0392453633248806","140138","140138","140138","0.04352979362010956","0.04352979362010956","0.04352979362010956","70704","70704","70704","0.04711322486400604","0.04711322486400604","0.04711322486400604","29133","29133","29133"
"149","0.06043856963515282","0.06043856963515282","0.06043856963515282","280728","280728","280728","0.0329122394323349","0.0329122394323349","0.0329122394323349","210828","210828","210828","0.0447215810418129","0.0447215810418129","0.0447215810418129","141078","141078","141078","0.0320405475795269","0.0320405475795269","0.0320405475795269","71178","71178","71178","0.10693906247615814","0.10693906247615814","0.10693906247615814","29328","29328","29328"
"150","0.048677247017621994","0.048677247017621994","0.048677247017621994","282604","282604","282604","0.08778738230466843","0.08778738230466843","0.08778738230466843","212238","212238","212238","0.19427090883255005","0.19427090883255005","0.19427090883255005","142023","142023","142023","0.0334162637591362","0.0334162637591362","0.0334162637591362","71657","71657","71657","0.09811105579137802","0.09811105579137802","0.09811105579137802","29528","29528","29528"
"151","0.06918562203645706","0.06918562203645706","0.06918562203645706","284475","284475","284475","0.05433677136898041","0.05433677136898041","0.05433677136898041","213643","213643","213643","0.08801749348640442","0.08801749348640442","0.08801749348640442","142963","142963","142963","0.04290924593806267","0.04290924593806267","0.04290924593806267","72131","72131","72131","0.11445393413305283","0.11445393413305283","0.11445393413305283","29723","29723","29723"
"152","0.04336836561560631","0.04336836561560631","0.04336836561560631","286346","286346","286346","0.04042045399546623","0.04042045399546623","0.04042045399546623","215048","215048","215048","0.06325600296258926","0.06325600296258926","0.06325600296258926","143903","143903","143903","0.05567018315196037","0.05567018315196037","0.05567018315196037","72605","72605","72605","0.07434554398059845","0.07434554398059845","0.07434554398059845","29918","29918","29918"
"153","0.051419250667095184","0.051419250667095184","0.051419250667095184","288217","288217","288217","0.06042618304491043","0.06042618304491043","0.06042618304491043","216453","216453","216453","0.05673922970890999","0.05673922970890999","0.05673922970890999","144843","144843","144843","0.07498826086521149","0.07498826086521149","0.07498826086521149","73079","73079","73079","0.04542895406484604","0.04542895406484604","0.04542895406484604","30113","30113","30113"
"154","0.08027046918869019","0.08027046918869019","0.08027046918869019","290088","290088","290088","0.07686368376016617","0.07686368376016617","0.07686368376016617","217858","217858","217858","0.07570957392454147","0.07570957392454147","0.07570957392454147","145783","145783","145783","0.03179564327001572","0.03179564327001572","0.03179564327001572","73553","73553","73553","0.05633625015616417","0.05633625015616417","0.05633625015616417","30308","30308","30308"
"155","0.0666688084602356","0.0666688084602356","0.0666688084602356","291959","291959","291959","0.04244161397218704","0.04244161397218704","0.04244161397218704","219263","219263","219263","0.03075779601931572","0.03075779601931572","0.03075779601931572","146723","146723","146723","0.02698696032166481","0.02698696032166481","0.02698696032166481","74027","74027","74027","0.08732882142066956","0.08732882142066956","0.08732882142066956","30503","30503","30503"
"156","0.07516341656446457","0.07516341656446457","0.07516341656446457","293830","293830","293830","0.04679543152451515","0.04679543152451515","0.04679543152451515","220668","220668","220668","0.03820613771677017","0.03820613771677017","0.03820613771677017","147663","147663","147663","0.06975669413805008","0.06975669413805008","0.06975669413805008","74501","74501","74501","0.06649330258369446","0.06649330258369446","0.06649330258369446","30698","30698","30698"
"157","0.041875965893268585","0.041875965893268585","0.041875965893268585","295701","295701","295701","0.028383541852235794","0.028383541852235794","0.028383541852235794","222073","222073","222073","0.05092144384980202","0.05092144384980202","0.05092144384980202","148603","148603","148603","0.05642768368124962","0.05642768368124962","0.05642768368124962","74975","74975","74975","0.04926907271146774","0.04926907271146774","0.04926907271146774","30893","30893","30893"
"158","0.030702263116836548","0.030702263116836548","0.030702263116836548","297572","297572","297572","0.05166729912161827","0.05166729912161827","0.05166729912161827","223478","223478","223478","0.05296216905117035","0.05296216905117035","0.05296216905117035","149543","149543","149543","0.06644993275403976","0.06644993275403976","0.06644993275403976","75449","75449","75449","0.10144957154989243","0.10144957154989243","0.10144957154989243","31088","31088","31088"
"159","0.038395509123802185","0.038395509123802185","0.038395509123802185","299443","299443","299443","0.025921553373336792","0.025921553373336792","0.025921553373336792","224883","224883","224883","0.1290743201971054","0.1290743201971054","0.1290743201971054","150483","150483","150483","0.033832091838121414","0.033832091838121414","0.033832091838121414","75923","75923","75923","0.07704544812440872","0.07704544812440872","0.07704544812440872","31283","31283","31283"
"160","0.04119231551885605","0.04119231551885605","0.04119231551885605","301319","301319","301319","0.04038876295089722","0.04038876295089722","0.04038876295089722","226293","226293","226293","0.13651402294635773","0.13651402294635773","0.13651402294635773","151428","151428","151428","0.03499799221754074","0.03499799221754074","0.03499799221754074","76402","76402","76402","0.06223074719309807","0.06223074719309807","0.06223074719309807","31483","31483","31483"
"161","0.05098186805844307","0.05098186805844307","0.05098186805844307","303190","303190","303190","0.06225968897342682","0.06225968897342682","0.06225968897342682","227698","227698","227698","0.050679828971624374","0.050679828971624374","0.050679828971624374","152368","152368","152368","0.03651229664683342","0.03651229664683342","0.03651229664683342","76876","76876","76876","0.07721072435379028","0.07721072435379028","0.07721072435379028","31678","31678","31678"
"162","0.07262501865625381","0.07262501865625381","0.07262501865625381","305061","305061","305061","0.04221438989043236","0.04221438989043236","0.04221438989043236","229103","229103","229103","0.05018499493598938","0.05018499493598938","0.05018499493598938","153308","153308","153308","0.04258397966623306","0.04258397966623306","0.04258397966623306","77350","77350","77350","0.05627545714378357","0.05627545714378357","0.05627545714378357","31873","31873","31873"
"163","0.046665169298648834","0.046665169298648834","0.046665169298648834","306932","306932","306932","0.07541446387767792","0.07541446387767792","0.07541446387767792","230508","230508","230508","0.10078088194131851","0.10078088194131851","0.10078088194131851","154248","154248","154248","0.03631631284952164","0.03631631284952164","0.03631631284952164","77824","77824","77824","0.1120002344250679","0.1120002344250679","0.1120002344250679","32068","32068","32068"
"164","0.040601275861263275","0.040601275861263275","0.040601275861263275","308803","308803","308803","0.05677191913127899","0.05677191913127899","0.05677191913127899","231913","231913","231913","0.06507602334022522","0.06507602334022522","0.06507602334022522","155188","155188","155188","0.06996653974056244","0.06996653974056244","0.06996653974056244","78298","78298","78298","0.06952989846467972","0.06952989846467972","0.06952989846467972","32263","32263","32263"
"165","0.045766107738018036","0.045766107738018036","0.045766107738018036","310674","310674","310674","0.03297421708703041","0.03297421708703041","0.03297421708703041","233318","233318","233318","0.055344149470329285","0.055344149470329285","0.055344149470329285","156128","156128","156128","0.04268382489681244","0.04268382489681244","0.04268382489681244","78772","78772","78772","0.059499189257621765","0.059499189257621765","0.059499189257621765","32458","32458","32458"
"166","0.03858588635921478","0.03858588635921478","0.03858588635921478","312545","312545","312545","0.024631205946207047","0.024631205946207047","0.024631205946207047","234723","234723","234723","0.04750815033912659","0.04750815033912659","0.04750815033912659","157068","157068","157068","0.04269495978951454","0.04269495978951454","0.04269495978951454","79246","79246","79246","0.07648806273937225","0.07648806273937225","0.07648806273937225","32653","32653","32653"
"167","0.03996234014630318","0.03996234014630318","0.03996234014630318","314416","314416","314416","0.07291463017463684","0.07291463017463684","0.07291463017463684","236128","236128","236128","0.06269677728414536","0.06269677728414536","0.06269677728414536","158008","158008","158008","0.02868974767625332","0.02868974767625332","0.02868974767625332","79720","79720","79720","0.05987351015210152","0.05987351015210152","0.05987351015210152","32848","32848","32848"
"168","0.0460812970995903","0.0460812970995903","0.0460812970995903","316287","316287","316287","0.1082707941532135","0.1082707941532135","0.1082707941532135","237533","237533","237533","0.029951194301247597","0.029951194301247597","0.029951194301247597","158948","158948","158948","0.04256248474121094","0.04256248474121094","0.04256248474121094","80194","80194","80194","0.08308037370443344","0.08308037370443344","0.08308037370443344","33043","33043","33043"
"169","0.030162131413817406","0.030162131413817406","0.030162131413817406","318158","318158","318158","0.050555795431137085","0.050555795431137085","0.050555795431137085","238938","238938","238938","0.035556431859731674","0.035556431859731674","0.035556431859731674","159888","159888","159888","0.02990519441664219","0.02990519441664219","0.02990519441664219","80668","80668","80668","0.05775267258286476","0.05775267258286476","0.05775267258286476","33238","33238","33238"
"170","0.1756191998720169","0.1756191998720169","0.1756191998720169","320034","320034","320034","0.02480839379131794","0.02480839379131794","0.02480839379131794","240348","240348","240348","0.11767559498548508","0.11767559498548508","0.11767559498548508","160833","160833","160833","0.031662337481975555","0.031662337481975555","0.031662337481975555","81147","81147","81147","0.07235828787088394","0.07235828787088394","0.07235828787088394","33438","33438","33438"
"171","0.06385202705860138","0.06385202705860138","0.06385202705860138","321905","321905","321905","0.09052973240613937","0.09052973240613937","0.09052973240613937","241753","241753","241753","0.07759946584701538","0.07759946584701538","0.07759946584701538","161773","161773","161773","0.0504424050450325","0.0504424050450325","0.0504424050450325","81621","81621","81621","0.08071879297494888","0.08071879297494888","0.08071879297494888","33633","33633","33633"
"172","0.0646575540304184","0.0646575540304184","0.0646575540304184","323776","323776","323776","0.0498976930975914","0.0498976930975914","0.0498976930975914","243158","243158","243158","0.07964397221803665","0.07964397221803665","0.07964397221803665","162713","162713","162713","0.02612643875181675","0.02612643875181675","0.02612643875181675","82095","82095","82095","0.05209503695368767","0.05209503695368767","0.05209503695368767","33828","33828","33828"
"173","0.09012895077466965","0.09012895077466965","0.09012895077466965","325647","325647","325647","0.04735400900244713","0.04735400900244713","0.04735400900244713","244563","244563","244563","0.047665227204561234","0.047665227204561234","0.047665227204561234","163653","163653","163653","0.02684798091650009","0.02684798091650009","0.02684798091650009","82569","82569","82569","0.0791640505194664","0.0791640505194664","0.0791640505194664","34023","34023","34023"
"174","0.05698135867714882","0.05698135867714882","0.05698135867714882","327518","327518","327518","0.04108200967311859","0.04108200967311859","0.04108200967311859","245968","245968","245968","0.054461125284433365","0.054461125284433365","0.054461125284433365","164593","164593","164593","0.04554243013262749","0.04554243013262749","0.04554243013262749","83043","83043","83043","0.05617000162601471","0.05617000162601471","0.05617000162601471","34218","34218","34218"
"175","0.0290058720856905","0.0290058720856905","0.0290058720856905","329389","329389","329389","0.03588716313242912","0.03588716313242912","0.03588716313242912","247373","247373","247373","0.11394916474819183","0.11394916474819183","0.11394916474819183","165533","165533","165533","0.05682415887713432","0.05682415887713432","0.05682415887713432","83517","83517","83517","0.13926559686660767","0.13926559686660767","0.13926559686660767","34413","34413","34413"
"176","0.03635639324784279","0.03635639324784279","0.03635639324784279","331260","331260","331260","0.02950550988316536","0.02950550988316536","0.02950550988316536","248778","248778","248778","0.034903205931186676","0.034903205931186676","0.034903205931186676","166473","166473","166473","0.08309618383646011","0.08309618383646011","0.08309618383646011","83991","83991","83991","0.04391830787062645","0.04391830787062645","0.04391830787062645","34608","34608","34608"
"177","0.05493258312344551","0.05493258312344551","0.05493258312344551","333131","333131","333131","0.04027969017624855","0.04027969017624855","0.04027969017624855","250183","250183","250183","0.05905083194375038","0.05905083194375038","0.05905083194375038","167413","167413","167413","0.04719800874590874","0.04719800874590874","0.04719800874590874","84465","84465","84465","0.08332683891057968","0.08332683891057968","0.08332683891057968","34803","34803","34803"
"178","0.08168928325176239","0.08168928325176239","0.08168928325176239","335002","335002","335002","0.04126706346869469","0.04126706346869469","0.04126706346869469","251588","251588","251588","0.059896066784858704","0.059896066784858704","0.059896066784858704","168353","168353","168353","0.06206631660461426","0.06206631660461426","0.06206631660461426","84939","84939","84939","0.1292007565498352","0.1292007565498352","0.1292007565498352","34998","34998","34998"
"179","0.0390821136534214","0.0390821136534214","0.0390821136534214","336873","336873","336873","0.03804248198866844","0.03804248198866844","0.03804248198866844","252993","252993","252993","0.03038916364312172","0.03038916364312172","0.03038916364312172","169293","169293","169293","0.047219861298799515","0.047219861298799515","0.047219861298799515","85413","85413","85413","0.05387852340936661","0.05387852340936661","0.05387852340936661","35193","35193","35193"
"180","0.045846372842788696","0.045846372842788696","0.045846372842788696","338749","338749","338749","0.042584702372550964","0.042584702372550964","0.042584702372550964","254403","254403","254403","0.045876890420913696","0.045876890420913696","0.045876890420913696","170238","170238","170238","0.05359232425689697","0.05359232425689697","0.05359232425689697","85892","85892","85892","0.052298445254564285","0.052298445254564285","0.052298445254564285","35393","35393","35393"
"181","0.0840286910533905","0.0840286910533905","0.0840286910533905","340620","340620","340620","0.07743670046329498","0.07743670046329498","0.07743670046329498","255808","255808","255808","0.056790728121995926","0.056790728121995926","0.056790728121995926","171178","171178","171178","0.06099218875169754","0.06099218875169754","0.06099218875169754","86366","86366","86366","0.051147766411304474","0.051147766411304474","0.051147766411304474","35588","35588","35588"
"182","0.04785551130771637","0.04785551130771637","0.04785551130771637","342491","342491","342491","0.03241674229502678","0.03241674229502678","0.03241674229502678","257213","257213","257213","0.027287155389785767","0.027287155389785767","0.027287155389785767","172118","172118","172118","0.053965549916028976","0.053965549916028976","0.053965549916028976","86840","86840","86840","0.0831499844789505","0.0831499844789505","0.0831499844789505","35783","35783","35783"
"183","0.08029495179653168","0.08029495179653168","0.08029495179653168","344362","344362","344362","0.051937803626060486","0.051937803626060486","0.051937803626060486","258618","258618","258618","0.02857648767530918","0.02857648767530918","0.02857648767530918","173058","173058","173058","0.04638005048036575","0.04638005048036575","0.04638005048036575","87314","87314","87314","0.050174128264188766","0.050174128264188766","0.050174128264188766","35978","35978","35978"
"184","0.03354150056838989","0.03354150056838989","0.03354150056838989","346233","346233","346233","0.05966861546039581","0.05966861546039581","0.05966861546039581","260023","260023","260023","0.04315866157412529","0.04315866157412529","0.04315866157412529","173998","173998","173998","0.04531220346689224","0.04531220346689224","0.04531220346689224","87788","87788","87788","0.08537112176418304","0.08537112176418304","0.08537112176418304","36173","36173","36173"
"185","0.054604560136795044","0.054604560136795044","0.054604560136795044","348104","348104","348104","0.027938636019825935","0.027938636019825935","0.027938636019825935","261428","261428","261428","0.056567348539829254","0.056567348539829254","0.056567348539829254","174938","174938","174938","0.061499521136283875","0.061499521136283875","0.061499521136283875","88262","88262","88262","0.038396839052438736","0.038396839052438736","0.038396839052438736","36368","36368","36368"
"186","0.024725282564759254","0.024725282564759254","0.024725282564759254","349975","349975","349975","0.15857233107089996","0.15857233107089996","0.15857233107089996","262833","262833","262833","0.12149323523044586","0.12149323523044586","0.12149323523044586","175878","175878","175878","0.026383671909570694","0.026383671909570694","0.026383671909570694","88736","88736","88736","0.09162606298923492","0.09162606298923492","0.09162606298923492","36563","36563","36563"
"187","0.03803499415516853","0.03803499415516853","0.03803499415516853","351846","351846","351846","0.0711415708065033","0.0711415708065033","0.0711415708065033","264238","264238","264238","0.0375891774892807","0.0375891774892807","0.0375891774892807","176818","176818","176818","0.039188433438539505","0.039188433438539505","0.039188433438539505","89210","89210","89210","0.061370253562927246","0.061370253562927246","0.061370253562927246","36758","36758","36758"
"188","0.039736393839120865","0.039736393839120865","0.039736393839120865","353717","353717","353717","0.04646506533026695","0.04646506533026695","0.04646506533026695","265643","265643","265643","0.0921754539012909","0.0921754539012909","0.0921754539012909","177758","177758","177758","0.031161347404122353","0.031161347404122353","0.031161347404122353","89684","89684","89684","0.07479158788919449","0.07479158788919449","0.07479158788919449","36953","36953","36953"
"189","0.04629020020365715","0.04629020020365715","0.04629020020365715","355588","355588","355588","0.05488515645265579","0.05488515645265579","0.05488515645265579","267048","267048","267048","0.0637274980545044","0.0637274980545044","0.0637274980545044","178698","178698","178698","0.07716318964958191","0.07716318964958191","0.07716318964958191","90158","90158","90158","0.09985821694135666","0.09985821694135666","0.09985821694135666","37148","37148","37148"
"190","0.07405523955821991","0.07405523955821991","0.07405523955821991","357464","357464","357464","0.07301808893680573","0.07301808893680573","0.07301808893680573","268458","268458","268458","0.109335757791996","0.109335757791996","0.109335757791996","179643","179643","179643","0.028008529916405678","0.028008529916405678","0.028008529916405678","90637","90637","90637","0.05549038574099541","0.05549038574099541","0.05549038574099541","37348","37348","37348"
"191","0.07408776879310608","0.07408776879310608","0.07408776879310608","359335","359335","359335","0.07352055609226227","0.07352055609226227","0.07352055609226227","269863","269863","269863","0.029959307983517647","0.029959307983517647","0.029959307983517647","180583","180583","180583","0.047489866614341736","0.047489866614341736","0.047489866614341736","91111","91111","91111","0.06207932531833649","0.06207932531833649","0.06207932531833649","37543","37543","37543"
"192","0.03518379479646683","0.03518379479646683","0.03518379479646683","361206","361206","361206","0.04223340377211571","0.04223340377211571","0.04223340377211571","271268","271268","271268","0.030908754095435143","0.030908754095435143","0.030908754095435143","181523","181523","181523","0.05058436468243599","0.05058436468243599","0.05058436468243599","91585","91585","91585","0.07704558223485947","0.07704558223485947","0.07704558223485947","37738","37738","37738"
"193","0.021533306688070297","0.021533306688070297","0.021533306688070297","363077","363077","363077","0.046987298876047134","0.046987298876047134","0.046987298876047134","272673","272673","272673","0.025274524465203285","0.025274524465203285","0.025274524465203285","182463","182463","182463","0.04376022890210152","0.04376022890210152","0.04376022890210152","92059","92059","92059","0.0911821722984314","0.0911821722984314","0.0911821722984314","37933","37933","37933"
"194","0.079776830971241","0.079776830971241","0.079776830971241","364948","364948","364948","0.05160018056631088","0.05160018056631088","0.05160018056631088","274078","274078","274078","0.05678786337375641","0.05678786337375641","0.05678786337375641","183403","183403","183403","0.09220634400844574","0.09220634400844574","0.09220634400844574","92533","92533","92533","0.13954117894172668","0.13954117894172668","0.13954117894172668","38128","38128","38128"
"195","0.031086919829249382","0.031086919829249382","0.031086919829249382","366819","366819","366819","0.03217722475528717","0.03217722475528717","0.03217722475528717","275483","275483","275483","0.030402807518839836","0.030402807518839836","0.030402807518839836","184343","184343","184343","0.04541932791471481","0.04541932791471481","0.04541932791471481","93007","93007","93007","0.06460196524858475","0.06460196524858475","0.06460196524858475","38323","38323","38323"
"196","0.03165656700730324","0.03165656700730324","0.03165656700730324","368690","368690","368690","0.02076711878180504","0.02076711878180504","0.02076711878180504","276888","276888","276888","0.04493814334273338","0.04493814334273338","0.04493814334273338","185283","185283","185283","0.04848936200141907","0.04848936200141907","0.04848936200141907","93481","93481","93481","0.0557473748922348","0.0557473748922348","0.0557473748922348","38518","38518","38518"
"197","0.03923974186182022","0.03923974186182022","0.03923974186182022","370561","370561","370561","0.039342451840639114","0.039342451840639114","0.039342451840639114","278293","278293","278293","0.08131398260593414","0.08131398260593414","0.08131398260593414","186223","186223","186223","0.03710143640637398","0.03710143640637398","0.03710143640637398","93955","93955","93955","0.1231892928481102","0.1231892928481102","0.1231892928481102","38713","38713","38713"
"198","0.04203803464770317","0.04203803464770317","0.04203803464770317","372432","372432","372432","0.05430639535188675","0.05430639535188675","0.05430639535188675","279698","279698","279698","0.041543714702129364","0.041543714702129364","0.041543714702129364","187163","187163","187163","0.04222988709807396","0.04222988709807396","0.04222988709807396","94429","94429","94429","0.0573602020740509","0.0573602020740509","0.0573602020740509","38908","38908","38908"
"199","0.04027143865823746","0.04027143865823746","0.04027143865823746","374303","374303","374303","0.04307367280125618","0.04307367280125618","0.04307367280125618","281103","281103","281103","0.04372088983654976","0.04372088983654976","0.04372088983654976","188103","188103","188103","0.026615247130393982","0.026615247130393982","0.026615247130393982","94903","94903","94903","0.06802426278591156","0.06802426278591156","0.06802426278591156","39103","39103","39103"