"epoch","train_100 - val_energy_rel_error_rollout1","train_100 - val_energy_rel_error_rollout1__MIN","train_100 - val_energy_rel_error_rollout1__MAX","train_100 - _step","train_100 - _step__MIN","train_100 - _step__MAX","train_75 - val_energy_rel_error_rollout1","train_75 - val_energy_rel_error_rollout1__MIN","train_75 - val_energy_rel_error_rollout1__MAX","train_75 - _step","train_75 - _step__MIN","train_75 - _step__MAX","train_50 - val_energy_rel_error_rollout1","train_50 - val_energy_rel_error_rollout1__MIN","train_50 - val_energy_rel_error_rollout1__MAX","train_50 - _step","train_50 - _step__MIN","train_50 - _step__MAX","train_25 - val_energy_rel_error_rollout1","train_25 - val_energy_rel_error_rollout1__MIN","train_25 - val_energy_rel_error_rollout1__MAX","train_25 - _step","train_25 - _step__MIN","train_25 - _step__MAX","train_10 - val_energy_rel_error_rollout1","train_10 - val_energy_rel_error_rollout1__MIN","train_10 - val_energy_rel_error_rollout1__MAX","train_10 - _step","train_10 - _step__MIN","train_10 - _step__MAX"
"0","0.04576719179749489","0.04576719179749489","0.04576719179749489","1879","1879","1879","0.0329098217189312","0.0329098217189312","0.0329098217189312","1413","1413","1413","0.040153391659259796","0.040153391659259796","0.040153391659259796","948","948","948","0.07229162752628326","0.07229162752628326","0.07229162752628326","482","482","482","0.11598895490169525","0.11598895490169525","0.11598895490169525","203","203","203"
"1","0.022393379360437393","0.022393379360437393","0.022393379360437393","3750","3750","3750","0.023035185411572456","0.023035185411572456","0.023035185411572456","2818","2818","2818","0.046745818108320236","0.046745818108320236","0.046745818108320236","1888","1888","1888","0.06298424303531647","0.06298424303531647","0.06298424303531647","956","956","956","0.05811212211847305","0.05811212211847305","0.05811212211847305","398","398","398"
"2","0.018653636798262596","0.018653636798262596","0.018653636798262596","5621","5621","5621","0.020843377336859703","0.020843377336859703","0.020843377336859703","4223","4223","4223","0.036107469350099564","0.036107469350099564","0.036107469350099564","2828","2828","2828","0.030033940449357033","0.030033940449357033","0.030033940449357033","1430","1430","1430","0.05958589166402817","0.05958589166402817","0.05958589166402817","593","593","593"
"3","0.031123649328947067","0.031123649328947067","0.031123649328947067","7492","7492","7492","0.023088805377483368","0.023088805377483368","0.023088805377483368","5628","5628","5628","0.04212702065706253","0.04212702065706253","0.04212702065706253","3768","3768","3768","0.03569352254271507","0.03569352254271507","0.03569352254271507","1904","1904","1904","0.06676103919744492","0.06676103919744492","0.06676103919744492","788","788","788"
"4","0.019985420629382133","0.019985420629382133","0.019985420629382133","9363","9363","9363","0.032308101654052734","0.032308101654052734","0.032308101654052734","7033","7033","7033","0.02819693274796009","0.02819693274796009","0.02819693274796009","4708","4708","4708","0.03596266359090805","0.03596266359090805","0.03596266359090805","2378","2378","2378","0.05153851583600044","0.05153851583600044","0.05153851583600044","983","983","983"
"5","0.01047361921519041","0.01047361921519041","0.01047361921519041","11234","11234","11234","0.0152107710018754","0.0152107710018754","0.0152107710018754","8438","8438","8438","0.02023555152118206","0.02023555152118206","0.02023555152118206","5648","5648","5648","0.025471843779087067","0.025471843779087067","0.025471843779087067","2852","2852","2852","0.034657031297683716","0.034657031297683716","0.034657031297683716","1178","1178","1178"
"6","0.018855512142181396","0.018855512142181396","0.018855512142181396","13105","13105","13105","0.01719839498400688","0.01719839498400688","0.01719839498400688","9843","9843","9843","0.0175442174077034","0.0175442174077034","0.0175442174077034","6588","6588","6588","0.024944160133600235","0.024944160133600235","0.024944160133600235","3326","3326","3326","0.06398756802082062","0.06398756802082062","0.06398756802082062","1373","1373","1373"
"7","0.015120754949748516","0.015120754949748516","0.015120754949748516","14976","14976","14976","0.02537037804722786","0.02537037804722786","0.02537037804722786","11248","11248","11248","0.014081998728215694","0.014081998728215694","0.014081998728215694","7528","7528","7528","0.030483471229672432","0.030483471229672432","0.030483471229672432","3800","3800","3800","0.055029384791851044","0.055029384791851044","0.055029384791851044","1568","1568","1568"
"8","0.011442123912274837","0.011442123912274837","0.011442123912274837","16847","16847","16847","0.013595815747976303","0.013595815747976303","0.013595815747976303","12653","12653","12653","0.031064018607139587","0.031064018607139587","0.031064018607139587","8468","8468","8468","0.01839769259095192","0.01839769259095192","0.01839769259095192","4274","4274","4274","0.03614204004406929","0.03614204004406929","0.03614204004406929","1763","1763","1763"
"9","0.014042897149920464","0.014042897149920464","0.014042897149920464","18718","18718","18718","0.02322939969599247","0.02322939969599247","0.02322939969599247","14058","14058","14058","0.01516188308596611","0.01516188308596611","0.01516188308596611","9408","9408","9408","0.023709839209914207","0.023709839209914207","0.023709839209914207","4748","4748","4748","0.0337640680372715","0.0337640680372715","0.0337640680372715","1958","1958","1958"
"10","0.01983906514942646","0.01983906514942646","0.01983906514942646","20594","20594","20594","0.0165872760117054","0.0165872760117054","0.0165872760117054","15468","15468","15468","0.01503225788474083","0.01503225788474083","0.01503225788474083","10353","10353","10353","0.028287094086408615","0.028287094086408615","0.028287094086408615","5227","5227","5227","0.0410320945084095","0.0410320945084095","0.0410320945084095","2158","2158","2158"
"11","0.011993451043963432","0.011993451043963432","0.011993451043963432","22465","22465","22465","0.012998786754906178","0.012998786754906178","0.012998786754906178","16873","16873","16873","0.014105751179158688","0.014105751179158688","0.014105751179158688","11293","11293","11293","0.02797894924879074","0.02797894924879074","0.02797894924879074","5701","5701","5701","0.021491698920726776","0.021491698920726776","0.021491698920726776","2353","2353","2353"
"12","0.009780975989997387","0.009780975989997387","0.009780975989997387","24336","24336","24336","0.017489833757281303","0.017489833757281303","0.017489833757281303","18278","18278","18278","0.01789465919137001","0.01789465919137001","0.01789465919137001","12233","12233","12233","0.022049320861697197","0.022049320861697197","0.022049320861697197","6175","6175","6175","0.035394784063100815","0.035394784063100815","0.035394784063100815","2548","2548","2548"
"13","0.011449907906353474","0.011449907906353474","0.011449907906353474","26207","26207","26207","0.02234598994255066","0.02234598994255066","0.02234598994255066","19683","19683","19683","0.017131177708506584","0.017131177708506584","0.017131177708506584","13173","13173","13173","0.023590603843331337","0.023590603843331337","0.023590603843331337","6649","6649","6649","0.04722161591053009","0.04722161591053009","0.04722161591053009","2743","2743","2743"
"14","0.01289332564920187","0.01289332564920187","0.01289332564920187","28078","28078","28078","0.007516968995332718","0.007516968995332718","0.007516968995332718","21088","21088","21088","0.019777873530983925","0.019777873530983925","0.019777873530983925","14113","14113","14113","0.0214255228638649","0.0214255228638649","0.0214255228638649","7123","7123","7123","0.030761243775486946","0.030761243775486946","0.030761243775486946","2938","2938","2938"
"15","0.011992184445261955","0.011992184445261955","0.011992184445261955","29949","29949","29949","0.009377299807965755","0.009377299807965755","0.009377299807965755","22493","22493","22493","0.014744090847671032","0.014744090847671032","0.014744090847671032","15053","15053","15053","0.024202056229114532","0.024202056229114532","0.024202056229114532","7597","7597","7597","0.03654804825782776","0.03654804825782776","0.03654804825782776","3133","3133","3133"
"16","0.010011550039052963","0.010011550039052963","0.010011550039052963","31820","31820","31820","0.011155864223837852","0.011155864223837852","0.011155864223837852","23898","23898","23898","0.020380442962050438","0.020380442962050438","0.020380442962050438","15993","15993","15993","0.02213447354733944","0.02213447354733944","0.02213447354733944","8071","8071","8071","0.027066616341471672","0.027066616341471672","0.027066616341471672","3328","3328","3328"
"17","0.009730103425681591","0.009730103425681591","0.009730103425681591","33691","33691","33691","0.007829532027244568","0.007829532027244568","0.007829532027244568","25303","25303","25303","0.025993917137384415","0.025993917137384415","0.025993917137384415","16933","16933","16933","0.027400391176342964","0.027400391176342964","0.027400391176342964","8545","8545","8545","0.029538283124566078","0.029538283124566078","0.029538283124566078","3523","3523","3523"
"18","0.01963510736823082","0.01963510736823082","0.01963510736823082","35562","35562","35562","0.010389337316155434","0.010389337316155434","0.010389337316155434","26708","26708","26708","0.02164495922625065","0.02164495922625065","0.02164495922625065","17873","17873","17873","0.017120840027928352","0.017120840027928352","0.017120840027928352","9019","9019","9019","0.024962816387414932","0.024962816387414932","0.024962816387414932","3718","3718","3718"
"19","0.009382791817188263","0.009382791817188263","0.009382791817188263","37433","37433","37433","0.013275022618472576","0.013275022618472576","0.013275022618472576","28113","28113","28113","0.01797373779118061","0.01797373779118061","0.01797373779118061","18813","18813","18813","0.025609442964196205","0.025609442964196205","0.025609442964196205","9493","9493","9493","0.03021656721830368","0.03021656721830368","0.03021656721830368","3913","3913","3913"
"20","0.022631214931607246","0.022631214931607246","0.022631214931607246","39309","39309","39309","0.012885095551609993","0.012885095551609993","0.012885095551609993","29523","29523","29523","0.025715114548802376","0.025715114548802376","0.025715114548802376","19758","19758","19758","0.019267668947577477","0.019267668947577477","0.019267668947577477","9972","9972","9972","0.04028325527906418","0.04028325527906418","0.04028325527906418","4113","4113","4113"
"21","0.011400778777897358","0.011400778777897358","0.011400778777897358","41180","41180","41180","0.01367209479212761","0.01367209479212761","0.01367209479212761","30928","30928","30928","0.015706758946180344","0.015706758946180344","0.015706758946180344","20698","20698","20698","0.017593326047062874","0.017593326047062874","0.017593326047062874","10446","10446","10446","0.028517119586467743","0.028517119586467743","0.028517119586467743","4308","4308","4308"
"22","0.007261268328875303","0.007261268328875303","0.007261268328875303","43051","43051","43051","0.008975976146757603","0.008975976146757603","0.008975976146757603","32333","32333","32333","0.02224150113761425","0.02224150113761425","0.02224150113761425","21638","21638","21638","0.013953317888081074","0.013953317888081074","0.013953317888081074","10920","10920","10920","0.022192755714058876","0.022192755714058876","0.022192755714058876","4503","4503","4503"
"23","0.007217150181531906","0.007217150181531906","0.007217150181531906","44922","44922","44922","0.016954781487584114","0.016954781487584114","0.016954781487584114","33738","33738","33738","0.015586256980895996","0.015586256980895996","0.015586256980895996","22578","22578","22578","0.0212877094745636","0.0212877094745636","0.0212877094745636","11394","11394","11394","0.03685302287340164","0.03685302287340164","0.03685302287340164","4698","4698","4698"
"24","0.009924161247909069","0.009924161247909069","0.009924161247909069","46793","46793","46793","0.011928528547286987","0.011928528547286987","0.011928528547286987","35143","35143","35143","0.013198481872677803","0.013198481872677803","0.013198481872677803","23518","23518","23518","0.010712316259741783","0.010712316259741783","0.010712316259741783","11868","11868","11868","0.04586917161941528","0.04586917161941528","0.04586917161941528","4893","4893","4893"
"25","0.014783404767513275","0.014783404767513275","0.014783404767513275","48664","48664","48664","0.01052741426974535","0.01052741426974535","0.01052741426974535","36548","36548","36548","0.008255556225776672","0.008255556225776672","0.008255556225776672","24458","24458","24458","0.013499235734343529","0.013499235734343529","0.013499235734343529","12342","12342","12342","0.028381047770380974","0.028381047770380974","0.028381047770380974","5088","5088","5088"
"26","0.00650447141379118","0.00650447141379118","0.00650447141379118","50535","50535","50535","0.010093307122588158","0.010093307122588158","0.010093307122588158","37953","37953","37953","0.010057168081402779","0.010057168081402779","0.010057168081402779","25398","25398","25398","0.011041976511478424","0.011041976511478424","0.011041976511478424","12816","12816","12816","0.023550955578684807","0.023550955578684807","0.023550955578684807","5283","5283","5283"
"27","0.008588739670813084","0.008588739670813084","0.008588739670813084","52406","52406","52406","0.006383268628269434","0.006383268628269434","0.006383268628269434","39358","39358","39358","0.011401822790503502","0.011401822790503502","0.011401822790503502","26338","26338","26338","0.02366284839808941","0.02366284839808941","0.02366284839808941","13290","13290","13290","0.02581610530614853","0.02581610530614853","0.02581610530614853","5478","5478","5478"
"28","0.01054734643548727","0.01054734643548727","0.01054734643548727","54277","54277","54277","0.011137374676764011","0.011137374676764011","0.011137374676764011","40763","40763","40763","0.014235319569706917","0.014235319569706917","0.014235319569706917","27278","27278","27278","0.01240477804094553","0.01240477804094553","0.01240477804094553","13764","13764","13764","0.022692544385790825","0.022692544385790825","0.022692544385790825","5673","5673","5673"
"29","0.008237147703766823","0.008237147703766823","0.008237147703766823","56148","56148","56148","0.016689574345946312","0.016689574345946312","0.016689574345946312","42168","42168","42168","0.013135491870343685","0.013135491870343685","0.013135491870343685","28218","28218","28218","0.03705652058124542","0.03705652058124542","0.03705652058124542","14238","14238","14238","0.04721469059586525","0.04721469059586525","0.04721469059586525","5868","5868","5868"
"30","0.012273323722183704","0.012273323722183704","0.012273323722183704","58024","58024","58024","0.01026688888669014","0.01026688888669014","0.01026688888669014","43578","43578","43578","0.007973636500537395","0.007973636500537395","0.007973636500537395","29163","29163","29163","0.01962938718497753","0.01962938718497753","0.01962938718497753","14717","14717","14717","0.028972120955586433","0.028972120955586433","0.028972120955586433","6068","6068","6068"
"31","0.006357158999890089","0.006357158999890089","0.006357158999890089","59895","59895","59895","0.00898792129009962","0.00898792129009962","0.00898792129009962","44983","44983","44983","0.009323001839220524","0.009323001839220524","0.009323001839220524","30103","30103","30103","0.02051057666540146","0.02051057666540146","0.02051057666540146","15191","15191","15191","0.026612568646669388","0.026612568646669388","0.026612568646669388","6263","6263","6263"
"32","0.0070940107107162476","0.0070940107107162476","0.0070940107107162476","61766","61766","61766","0.00804863404482603","0.00804863404482603","0.00804863404482603","46388","46388","46388","0.011906672269105911","0.011906672269105911","0.011906672269105911","31043","31043","31043","0.017455600202083588","0.017455600202083588","0.017455600202083588","15665","15665","15665","0.03078879602253437","0.03078879602253437","0.03078879602253437","6458","6458","6458"
"33","0.006784746889024973","0.006784746889024973","0.006784746889024973","63637","63637","63637","0.008932739496231079","0.008932739496231079","0.008932739496231079","47793","47793","47793","0.01186353899538517","0.01186353899538517","0.01186353899538517","31983","31983","31983","0.013583522289991379","0.013583522289991379","0.013583522289991379","16139","16139","16139","0.029501449316740036","0.029501449316740036","0.029501449316740036","6653","6653","6653"
"34","0.007837072014808655","0.007837072014808655","0.007837072014808655","65508","65508","65508","0.006585569120943546","0.006585569120943546","0.006585569120943546","49198","49198","49198","0.021376529708504677","0.021376529708504677","0.021376529708504677","32923","32923","32923","0.011187713593244553","0.011187713593244553","0.011187713593244553","16613","16613","16613","0.028683515265583992","0.028683515265583992","0.028683515265583992","6848","6848","6848"
"35","0.01159181259572506","0.01159181259572506","0.01159181259572506","67379","67379","67379","0.008090485818684101","0.008090485818684101","0.008090485818684101","50603","50603","50603","0.012799384072422981","0.012799384072422981","0.012799384072422981","33863","33863","33863","0.02314189076423645","0.02314189076423645","0.02314189076423645","17087","17087","17087","0.03051193431019783","0.03051193431019783","0.03051193431019783","7043","7043","7043"
"36","0.006384385284036398","0.006384385284036398","0.006384385284036398","69250","69250","69250","0.01055863220244646","0.01055863220244646","0.01055863220244646","52008","52008","52008","0.009623540565371513","0.009623540565371513","0.009623540565371513","34803","34803","34803","0.019716940820217133","0.019716940820217133","0.019716940820217133","17561","17561","17561","0.04842951148748398","0.04842951148748398","0.04842951148748398","7238","7238","7238"
"37","0.008619186468422413","0.008619186468422413","0.008619186468422413","71121","71121","71121","0.006433375179767609","0.006433375179767609","0.006433375179767609","53413","53413","53413","0.010575493797659874","0.010575493797659874","0.010575493797659874","35743","35743","35743","0.01895901933312416","0.01895901933312416","0.01895901933312416","18035","18035","18035","0.02885449305176735","0.02885449305176735","0.02885449305176735","7433","7433","7433"
"38","0.00809148047119379","0.00809148047119379","0.00809148047119379","72992","72992","72992","0.012812870554625988","0.012812870554625988","0.012812870554625988","54818","54818","54818","0.016595173627138138","0.016595173627138138","0.016595173627138138","36683","36683","36683","0.017570776864886284","0.017570776864886284","0.017570776864886284","18509","18509","18509","0.027303950861096382","0.027303950861096382","0.027303950861096382","7628","7628","7628"
"39","0.01717468723654747","0.01717468723654747","0.01717468723654747","74863","74863","74863","0.01644437201321125","0.01644437201321125","0.01644437201321125","56223","56223","56223","0.01663985848426819","0.01663985848426819","0.01663985848426819","37623","37623","37623","0.0159065593034029","0.0159065593034029","0.0159065593034029","18983","18983","18983","0.027328945696353912","0.027328945696353912","0.027328945696353912","7823","7823","7823"
"40","0.011191739700734615","0.011191739700734615","0.011191739700734615","76739","76739","76739","0.012911629863083363","0.012911629863083363","0.012911629863083363","57633","57633","57633","0.01233204547315836","0.01233204547315836","0.01233204547315836","38568","38568","38568","0.010075793601572514","0.010075793601572514","0.010075793601572514","19462","19462","19462","0.027980512008070946","0.027980512008070946","0.027980512008070946","8023","8023","8023"
"41","0.007373929489403963","0.007373929489403963","0.007373929489403963","78610","78610","78610","0.008315875194966793","0.008315875194966793","0.008315875194966793","59038","59038","59038","0.014132603071630001","0.014132603071630001","0.014132603071630001","39508","39508","39508","0.010212545283138752","0.010212545283138752","0.010212545283138752","19936","19936","19936","0.025308622047305107","0.025308622047305107","0.025308622047305107","8218","8218","8218"
"42","0.007949785329401493","0.007949785329401493","0.007949785329401493","80481","80481","80481","0.010533290915191174","0.010533290915191174","0.010533290915191174","60443","60443","60443","0.00883923564106226","0.00883923564106226","0.00883923564106226","40448","40448","40448","0.00976472720503807","0.00976472720503807","0.00976472720503807","20410","20410","20410","0.02022351324558258","0.02022351324558258","0.02022351324558258","8413","8413","8413"
"43","0.005661477334797382","0.005661477334797382","0.005661477334797382","82352","82352","82352","0.007925697602331638","0.007925697602331638","0.007925697602331638","61848","61848","61848","0.00655599357560277","0.00655599357560277","0.00655599357560277","41388","41388","41388","0.014255981892347336","0.014255981892347336","0.014255981892347336","20884","20884","20884","0.02904347889125347","0.02904347889125347","0.02904347889125347","8608","8608","8608"
"44","0.0054582287557423115","0.0054582287557423115","0.0054582287557423115","84223","84223","84223","0.009553411044180393","0.009553411044180393","0.009553411044180393","63253","63253","63253","0.012686066329479218","0.012686066329479218","0.012686066329479218","42328","42328","42328","0.017290852963924408","0.017290852963924408","0.017290852963924408","21358","21358","21358","0.01861313357949257","0.01861313357949257","0.01861313357949257","8803","8803","8803"
"45","0.009890611283481121","0.009890611283481121","0.009890611283481121","86094","86094","86094","0.013735394924879074","0.013735394924879074","0.013735394924879074","64658","64658","64658","0.014928017742931843","0.014928017742931843","0.014928017742931843","43268","43268","43268","0.012074829079210758","0.012074829079210758","0.012074829079210758","21832","21832","21832","0.01750926859676838","0.01750926859676838","0.01750926859676838","8998","8998","8998"
"46","0.008860746398568153","0.008860746398568153","0.008860746398568153","87965","87965","87965","0.007612981367856264","0.007612981367856264","0.007612981367856264","66063","66063","66063","0.008869693614542484","0.008869693614542484","0.008869693614542484","44208","44208","44208","0.008481569588184357","0.008481569588184357","0.008481569588184357","22306","22306","22306","0.03514200076460838","0.03514200076460838","0.03514200076460838","9193","9193","9193"
"47","0.007155898492783308","0.007155898492783308","0.007155898492783308","89836","89836","89836","0.005339723080396652","0.005339723080396652","0.005339723080396652","67468","67468","67468","0.012628335505723953","0.012628335505723953","0.012628335505723953","45148","45148","45148","0.021622803062200546","0.021622803062200546","0.021622803062200546","22780","22780","22780","0.03015434741973877","0.03015434741973877","0.03015434741973877","9388","9388","9388"
"48","0.010794708505272865","0.010794708505272865","0.010794708505272865","91707","91707","91707","0.011158532463014126","0.011158532463014126","0.011158532463014126","68873","68873","68873","0.011643136851489544","0.011643136851489544","0.011643136851489544","46088","46088","46088","0.012679189443588257","0.012679189443588257","0.012679189443588257","23254","23254","23254","0.026398932561278343","0.026398932561278343","0.026398932561278343","9583","9583","9583"
"49","0.011651243083178997","0.011651243083178997","0.011651243083178997","93578","93578","93578","0.008080162107944489","0.008080162107944489","0.008080162107944489","70278","70278","70278","0.010451585054397583","0.010451585054397583","0.010451585054397583","47028","47028","47028","0.011451929807662964","0.011451929807662964","0.011451929807662964","23728","23728","23728","0.035736650228500366","0.035736650228500366","0.035736650228500366","9778","9778","9778"
"50","0.00928531028330326","0.00928531028330326","0.00928531028330326","95454","95454","95454","0.009716772474348545","0.009716772474348545","0.009716772474348545","71688","71688","71688","0.009060890413820744","0.009060890413820744","0.009060890413820744","47973","47973","47973","0.016959937289357185","0.016959937289357185","0.016959937289357185","24207","24207","24207","0.018971631303429604","0.018971631303429604","0.018971631303429604","9978","9978","9978"
"51","0.010389312170445919","0.010389312170445919","0.010389312170445919","97325","97325","97325","0.0157140102237463","0.0157140102237463","0.0157140102237463","73093","73093","73093","0.01881289668381214","0.01881289668381214","0.01881289668381214","48913","48913","48913","0.018155895173549652","0.018155895173549652","0.018155895173549652","24681","24681","24681","0.024826301261782646","0.024826301261782646","0.024826301261782646","10173","10173","10173"
"52","0.009794913232326508","0.009794913232326508","0.009794913232326508","99196","99196","99196","0.006530947517603636","0.006530947517603636","0.006530947517603636","74498","74498","74498","0.010098455473780632","0.010098455473780632","0.010098455473780632","49853","49853","49853","0.01125800609588623","0.01125800609588623","0.01125800609588623","25155","25155","25155","0.013179833069443703","0.013179833069443703","0.013179833069443703","10368","10368","10368"
"53","0.006311250850558281","0.006311250850558281","0.006311250850558281","101067","101067","101067","0.011963537894189358","0.011963537894189358","0.011963537894189358","75903","75903","75903","0.010939446277916431","0.010939446277916431","0.010939446277916431","50793","50793","50793","0.009821130894124508","0.009821130894124508","0.009821130894124508","25629","25629","25629","0.019375570118427277","0.019375570118427277","0.019375570118427277","10563","10563","10563"
"54","0.014177089557051659","0.014177089557051659","0.014177089557051659","102938","102938","102938","0.006730338092893362","0.006730338092893362","0.006730338092893362","77308","77308","77308","0.01269835326820612","0.01269835326820612","0.01269835326820612","51733","51733","51733","0.011522917076945305","0.011522917076945305","0.011522917076945305","26103","26103","26103","0.02845890074968338","0.02845890074968338","0.02845890074968338","10758","10758","10758"
"55","0.0063404543325304985","0.0063404543325304985","0.0063404543325304985","104809","104809","104809","0.006406289059668779","0.006406289059668779","0.006406289059668779","78713","78713","78713","0.013853345066308975","0.013853345066308975","0.013853345066308975","52673","52673","52673","0.011821413412690163","0.011821413412690163","0.011821413412690163","26577","26577","26577","0.024951953440904617","0.024951953440904617","0.024951953440904617","10953","10953","10953"
"56","0.012442086823284626","0.012442086823284626","0.012442086823284626","106680","106680","106680","0.009730582125484943","0.009730582125484943","0.009730582125484943","80118","80118","80118","0.008464183658361435","0.008464183658361435","0.008464183658361435","53613","53613","53613","0.01056880597025156","0.01056880597025156","0.01056880597025156","27051","27051","27051","0.021695949137210846","0.021695949137210846","0.021695949137210846","11148","11148","11148"
"57","0.00600044708698988","0.00600044708698988","0.00600044708698988","108551","108551","108551","0.007301069796085358","0.007301069796085358","0.007301069796085358","81523","81523","81523","0.008194920606911182","0.008194920606911182","0.008194920606911182","54553","54553","54553","0.014948686584830284","0.014948686584830284","0.014948686584830284","27525","27525","27525","0.023763736709952354","0.023763736709952354","0.023763736709952354","11343","11343","11343"
"58","0.009122784249484539","0.009122784249484539","0.009122784249484539","110422","110422","110422","0.007319514639675617","0.007319514639675617","0.007319514639675617","82928","82928","82928","0.012276338413357735","0.012276338413357735","0.012276338413357735","55493","55493","55493","0.009761602617800236","0.009761602617800236","0.009761602617800236","27999","27999","27999","0.016694732010364532","0.016694732010364532","0.016694732010364532","11538","11538","11538"
"59","0.008308944292366505","0.008308944292366505","0.008308944292366505","112293","112293","112293","0.0054415138438344","0.0054415138438344","0.0054415138438344","84333","84333","84333","0.0050574420019984245","0.0050574420019984245","0.0050574420019984245","56433","56433","56433","0.018744096159934998","0.018744096159934998","0.018744096159934998","28473","28473","28473","0.025385767221450806","0.025385767221450806","0.025385767221450806","11733","11733","11733"
"60","0.0062002805061638355","0.0062002805061638355","0.0062002805061638355","114169","114169","114169","0.009081488475203514","0.009081488475203514","0.009081488475203514","85743","85743","85743","0.007679411675781012","0.007679411675781012","0.007679411675781012","57378","57378","57378","0.011914032511413097","0.011914032511413097","0.011914032511413097","28952","28952","28952","0.020535416901111603","0.020535416901111603","0.020535416901111603","11933","11933","11933"
"61","0.012423249892890453","0.012423249892890453","0.012423249892890453","116040","116040","116040","0.007562209386378527","0.007562209386378527","0.007562209386378527","87148","87148","87148","0.00694826478138566","0.00694826478138566","0.00694826478138566","58318","58318","58318","0.014661808498203754","0.014661808498203754","0.014661808498203754","29426","29426","29426","0.023383701220154762","0.023383701220154762","0.023383701220154762","12128","12128","12128"
"62","0.008317302912473679","0.008317302912473679","0.008317302912473679","117911","117911","117911","0.006981085520237684","0.006981085520237684","0.006981085520237684","88553","88553","88553","0.011078611947596073","0.011078611947596073","0.011078611947596073","59258","59258","59258","0.011511655524373055","0.011511655524373055","0.011511655524373055","29900","29900","29900","0.01740947924554348","0.01740947924554348","0.01740947924554348","12323","12323","12323"
"63","0.008175465278327465","0.008175465278327465","0.008175465278327465","119782","119782","119782","0.011514335870742798","0.011514335870742798","0.011514335870742798","89958","89958","89958","0.011383353732526302","0.011383353732526302","0.011383353732526302","60198","60198","60198","0.009929539635777473","0.009929539635777473","0.009929539635777473","30374","30374","30374","0.024356115609407425","0.024356115609407425","0.024356115609407425","12518","12518","12518"
"64","0.007821019738912582","0.007821019738912582","0.007821019738912582","121653","121653","121653","0.006024746689945459","0.006024746689945459","0.006024746689945459","91363","91363","91363","0.009569658897817135","0.009569658897817135","0.009569658897817135","61138","61138","61138","0.012484230101108551","0.012484230101108551","0.012484230101108551","30848","30848","30848","0.025627458468079567","0.025627458468079567","0.025627458468079567","12713","12713","12713"
"65","0.004293120466172695","0.004293120466172695","0.004293120466172695","123524","123524","123524","0.007569147273898125","0.007569147273898125","0.007569147273898125","92768","92768","92768","0.007158433552831411","0.007158433552831411","0.007158433552831411","62078","62078","62078","0.010957669466733932","0.010957669466733932","0.010957669466733932","31322","31322","31322","0.02219773456454277","0.02219773456454277","0.02219773456454277","12908","12908","12908"
"66","0.008006413467228413","0.008006413467228413","0.008006413467228413","125395","125395","125395","0.01656120829284191","0.01656120829284191","0.01656120829284191","94173","94173","94173","0.01643943041563034","0.01643943041563034","0.01643943041563034","63018","63018","63018","0.0162303876131773","0.0162303876131773","0.0162303876131773","31796","31796","31796","0.02492477186024189","0.02492477186024189","0.02492477186024189","13103","13103","13103"
"67","0.01006778609007597","0.01006778609007597","0.01006778609007597","127266","127266","127266","0.010493392124772072","0.010493392124772072","0.010493392124772072","95578","95578","95578","0.006199810188263655","0.006199810188263655","0.006199810188263655","63958","63958","63958","0.014843692071735859","0.014843692071735859","0.014843692071735859","32270","32270","32270","0.017192907631397247","0.017192907631397247","0.017192907631397247","13298","13298","13298"
"68","0.005643779411911964","0.005643779411911964","0.005643779411911964","129137","129137","129137","0.006553393788635731","0.006553393788635731","0.006553393788635731","96983","96983","96983","0.013918544165790081","0.013918544165790081","0.013918544165790081","64898","64898","64898","0.009001154452562332","0.009001154452562332","0.009001154452562332","32744","32744","32744","0.02424190193414688","0.02424190193414688","0.02424190193414688","13493","13493","13493"
"69","0.018053846433758736","0.018053846433758736","0.018053846433758736","131008","131008","131008","0.010476709343492985","0.010476709343492985","0.010476709343492985","98388","98388","98388","0.006875368766486645","0.006875368766486645","0.006875368766486645","65838","65838","65838","0.015058719553053379","0.015058719553053379","0.015058719553053379","33218","33218","33218","0.03994572162628174","0.03994572162628174","0.03994572162628174","13688","13688","13688"
"70","0.00682990625500679","0.00682990625500679","0.00682990625500679","132884","132884","132884","0.007803966291248798","0.007803966291248798","0.007803966291248798","99798","99798","99798","0.00863045733422041","0.00863045733422041","0.00863045733422041","66783","66783","66783","0.01178744900971651","0.01178744900971651","0.01178744900971651","33697","33697","33697","0.016459058970212936","0.016459058970212936","0.016459058970212936","13888","13888","13888"
"71","0.008875356055796146","0.008875356055796146","0.008875356055796146","134755","134755","134755","0.005783289670944214","0.005783289670944214","0.005783289670944214","101203","101203","101203","0.00953955389559269","0.00953955389559269","0.00953955389559269","67723","67723","67723","0.008612082339823246","0.008612082339823246","0.008612082339823246","34171","34171","34171","0.01960822567343712","0.01960822567343712","0.01960822567343712","14083","14083","14083"
"72","0.008317051455378532","0.008317051455378532","0.008317051455378532","136626","136626","136626","0.006740650627762079","0.006740650627762079","0.006740650627762079","102608","102608","102608","0.005942222196608782","0.005942222196608782","0.005942222196608782","68663","68663","68663","0.011696217581629753","0.011696217581629753","0.011696217581629753","34645","34645","34645","0.022624913603067398","0.022624913603067398","0.022624913603067398","14278","14278","14278"
"73","0.008509448729455471","0.008509448729455471","0.008509448729455471","138497","138497","138497","0.006687760353088379","0.006687760353088379","0.006687760353088379","104013","104013","104013","0.011582130566239357","0.011582130566239357","0.011582130566239357","69603","69603","69603","0.012691148556768894","0.012691148556768894","0.012691148556768894","35119","35119","35119","0.01972770504653454","0.01972770504653454","0.01972770504653454","14473","14473","14473"
"74","0.008657253347337246","0.008657253347337246","0.008657253347337246","140368","140368","140368","0.005342733580619097","0.005342733580619097","0.005342733580619097","105418","105418","105418","0.017186636105179787","0.017186636105179787","0.017186636105179787","70543","70543","70543","0.009126939810812473","0.009126939810812473","0.009126939810812473","35593","35593","35593","0.011000173166394234","0.011000173166394234","0.011000173166394234","14668","14668","14668"
"75","0.00542367622256279","0.00542367622256279","0.00542367622256279","142239","142239","142239","0.006057216785848141","0.006057216785848141","0.006057216785848141","106823","106823","106823","0.008420241065323353","0.008420241065323353","0.008420241065323353","71483","71483","71483","0.008006984367966652","0.008006984367966652","0.008006984367966652","36067","36067","36067","0.019271166995167732","0.019271166995167732","0.019271166995167732","14863","14863","14863"
"76","0.009735876694321632","0.009735876694321632","0.009735876694321632","144110","144110","144110","0.007428510580211878","0.007428510580211878","0.007428510580211878","108228","108228","108228","0.006469326093792915","0.006469326093792915","0.006469326093792915","72423","72423","72423","0.013796111568808556","0.013796111568808556","0.013796111568808556","36541","36541","36541","0.015468109399080276","0.015468109399080276","0.015468109399080276","15058","15058","15058"
"77","0.008413347415626049","0.008413347415626049","0.008413347415626049","145981","145981","145981","0.006557711400091648","0.006557711400091648","0.006557711400091648","109633","109633","109633","0.00998618733137846","0.00998618733137846","0.00998618733137846","73363","73363","73363","0.00783881638199091","0.00783881638199091","0.00783881638199091","37015","37015","37015","0.01654944010078907","0.01654944010078907","0.01654944010078907","15253","15253","15253"
"78","0.007928150705993176","0.007928150705993176","0.007928150705993176","147852","147852","147852","0.008326629176735878","0.008326629176735878","0.008326629176735878","111038","111038","111038","0.01026201993227005","0.01026201993227005","0.01026201993227005","74303","74303","74303","0.007075205910950899","0.007075205910950899","0.007075205910950899","37489","37489","37489","0.02014566771686077","0.02014566771686077","0.02014566771686077","15448","15448","15448"
"79","0.005376351997256279","0.005376351997256279","0.005376351997256279","149723","149723","149723","0.008751113899052143","0.008751113899052143","0.008751113899052143","112443","112443","112443","0.009690781123936176","0.009690781123936176","0.009690781123936176","75243","75243","75243","0.009425434283912182","0.009425434283912182","0.009425434283912182","37963","37963","37963","0.013646446168422699","0.013646446168422699","0.013646446168422699","15643","15643","15643"
"80","0.007662246469408274","0.007662246469408274","0.007662246469408274","151599","151599","151599","0.008263682946562767","0.008263682946562767","0.008263682946562767","113853","113853","113853","0.009178209118545055","0.009178209118545055","0.009178209118545055","76188","76188","76188","0.008244788274168968","0.008244788274168968","0.008244788274168968","38442","38442","38442","0.0220622718334198","0.0220622718334198","0.0220622718334198","15843","15843","15843"
"81","0.00956654641777277","0.00956654641777277","0.00956654641777277","153470","153470","153470","0.01072106696665287","0.01072106696665287","0.01072106696665287","115258","115258","115258","0.008479704149067402","0.008479704149067402","0.008479704149067402","77128","77128","77128","0.010091079398989677","0.010091079398989677","0.010091079398989677","38916","38916","38916","0.01294744573533535","0.01294744573533535","0.01294744573533535","16038","16038","16038"
"82","0.009309465996921062","0.009309465996921062","0.009309465996921062","155341","155341","155341","0.0083058662712574","0.0083058662712574","0.0083058662712574","116663","116663","116663","0.0067721582017838955","0.0067721582017838955","0.0067721582017838955","78068","78068","78068","0.00839869026094675","0.00839869026094675","0.00839869026094675","39390","39390","39390","0.014966878108680248","0.014966878108680248","0.014966878108680248","16233","16233","16233"
"83","0.007420974783599377","0.007420974783599377","0.007420974783599377","157212","157212","157212","0.01080875564366579","0.01080875564366579","0.01080875564366579","118068","118068","118068","0.011090369895100594","0.011090369895100594","0.011090369895100594","79008","79008","79008","0.011494620703160763","0.011494620703160763","0.011494620703160763","39864","39864","39864","0.016154857352375984","0.016154857352375984","0.016154857352375984","16428","16428","16428"
"84","0.007406242657452822","0.007406242657452822","0.007406242657452822","159083","159083","159083","0.008696948178112507","0.008696948178112507","0.008696948178112507","119473","119473","119473","0.008573159575462341","0.008573159575462341","0.008573159575462341","79948","79948","79948","0.008586984127759933","0.008586984127759933","0.008586984127759933","40338","40338","40338","0.016113854944705963","0.016113854944705963","0.016113854944705963","16623","16623","16623"
"85","0.006630866788327694","0.006630866788327694","0.006630866788327694","160954","160954","160954","0.009279422461986542","0.009279422461986542","0.009279422461986542","120878","120878","120878","0.011162009090185165","0.011162009090185165","0.011162009090185165","80888","80888","80888","0.009907743893563747","0.009907743893563747","0.009907743893563747","40812","40812","40812","0.016927819699048996","0.016927819699048996","0.016927819699048996","16818","16818","16818"
"86","0.010623111389577389","0.010623111389577389","0.010623111389577389","162825","162825","162825","0.011701256036758423","0.011701256036758423","0.011701256036758423","122283","122283","122283","0.00739274499937892","0.00739274499937892","0.00739274499937892","81828","81828","81828","0.008296936750411987","0.008296936750411987","0.008296936750411987","41286","41286","41286","0.016633186489343643","0.016633186489343643","0.016633186489343643","17013","17013","17013"
"87","0.008634589612483978","0.008634589612483978","0.008634589612483978","164696","164696","164696","0.005424730479717255","0.005424730479717255","0.005424730479717255","123688","123688","123688","0.008644264191389084","0.008644264191389084","0.008644264191389084","82768","82768","82768","0.008515008725225925","0.008515008725225925","0.008515008725225925","41760","41760","41760","0.023354751989245415","0.023354751989245415","0.023354751989245415","17208","17208","17208"
"88","0.007164638955146074","0.007164638955146074","0.007164638955146074","166567","166567","166567","0.006694896146655083","0.006694896146655083","0.006694896146655083","125093","125093","125093","0.005860885605216026","0.005860885605216026","0.005860885605216026","83708","83708","83708","0.0189032144844532","0.0189032144844532","0.0189032144844532","42234","42234","42234","0.0248271394520998","0.0248271394520998","0.0248271394520998","17403","17403","17403"
"89","0.009620374999940395","0.009620374999940395","0.009620374999940395","168438","168438","168438","0.008021436631679535","0.008021436631679535","0.008021436631679535","126498","126498","126498","0.01218771655112505","0.01218771655112505","0.01218771655112505","84648","84648","84648","0.00745305884629488","0.00745305884629488","0.00745305884629488","42708","42708","42708","0.011933548375964165","0.011933548375964165","0.011933548375964165","17598","17598","17598"
"90","0.004945838823914528","0.004945838823914528","0.004945838823914528","170314","170314","170314","0.005929156672209501","0.005929156672209501","0.005929156672209501","127908","127908","127908","0.007109787315130234","0.007109787315130234","0.007109787315130234","85593","85593","85593","0.014452611096203327","0.014452611096203327","0.014452611096203327","43187","43187","43187","0.012597098015248775","0.012597098015248775","0.012597098015248775","17798","17798","17798"
"91","0.01345843356102705","0.01345843356102705","0.01345843356102705","172185","172185","172185","0.008585409261286259","0.008585409261286259","0.008585409261286259","129313","129313","129313","0.008090285584330559","0.008090285584330559","0.008090285584330559","86533","86533","86533","0.00926144327968359","0.00926144327968359","0.00926144327968359","43661","43661","43661","0.01724126935005188","0.01724126935005188","0.01724126935005188","17993","17993","17993"
"92","0.007169325836002827","0.007169325836002827","0.007169325836002827","174056","174056","174056","0.006725564133375883","0.006725564133375883","0.006725564133375883","130718","130718","130718","0.008185775950551033","0.008185775950551033","0.008185775950551033","87473","87473","87473","0.014439186081290245","0.014439186081290245","0.014439186081290245","44135","44135","44135","0.01603640243411064","0.01603640243411064","0.01603640243411064","18188","18188","18188"
"93","0.007724002003669739","0.007724002003669739","0.007724002003669739","175927","175927","175927","0.00827783439308405","0.00827783439308405","0.00827783439308405","132123","132123","132123","0.009896407835185528","0.009896407835185528","0.009896407835185528","88413","88413","88413","0.010101770982146263","0.010101770982146263","0.010101770982146263","44609","44609","44609","0.01617969572544098","0.01617969572544098","0.01617969572544098","18383","18383","18383"
"94","0.007983634248375893","0.007983634248375893","0.007983634248375893","177798","177798","177798","0.007319441065192223","0.007319441065192223","0.007319441065192223","133528","133528","133528","0.008906488306820393","0.008906488306820393","0.008906488306820393","89353","89353","89353","0.008492827415466309","0.008492827415466309","0.008492827415466309","45083","45083","45083","0.0185212604701519","0.0185212604701519","0.0185212604701519","18578","18578","18578"
"95","0.009045993909239769","0.009045993909239769","0.009045993909239769","179669","179669","179669","0.006819425616413355","0.006819425616413355","0.006819425616413355","134933","134933","134933","0.012818418443202972","0.012818418443202972","0.012818418443202972","90293","90293","90293","0.007829997688531876","0.007829997688531876","0.007829997688531876","45557","45557","45557","0.013421274721622467","0.013421274721622467","0.013421274721622467","18773","18773","18773"
"96","0.0088233333081007","0.0088233333081007","0.0088233333081007","181540","181540","181540","0.014529113657772541","0.014529113657772541","0.014529113657772541","136338","136338","136338","0.007784552872180939","0.007784552872180939","0.007784552872180939","91233","91233","91233","0.010150779969990253","0.010150779969990253","0.010150779969990253","46031","46031","46031","0.01787710376083851","0.01787710376083851","0.01787710376083851","18968","18968","18968"
"97","0.007338827475905418","0.007338827475905418","0.007338827475905418","183411","183411","183411","0.013449614867568016","0.013449614867568016","0.013449614867568016","137743","137743","137743","0.009010596200823784","0.009010596200823784","0.009010596200823784","92173","92173","92173","0.01198055874556303","0.01198055874556303","0.01198055874556303","46505","46505","46505","0.02049633115530014","0.02049633115530014","0.02049633115530014","19163","19163","19163"
"98","0.008979248814284801","0.008979248814284801","0.008979248814284801","185282","185282","185282","0.012699323706328869","0.012699323706328869","0.012699323706328869","139148","139148","139148","0.006118115969002247","0.006118115969002247","0.006118115969002247","93113","93113","93113","0.014414343051612377","0.014414343051612377","0.014414343051612377","46979","46979","46979","0.01621648110449314","0.01621648110449314","0.01621648110449314","19358","19358","19358"
"99","0.00804123468697071","0.00804123468697071","0.00804123468697071","187153","187153","187153","0.007009290624409914","0.007009290624409914","0.007009290624409914","140553","140553","140553","0.00663287378847599","0.00663287378847599","0.00663287378847599","94053","94053","94053","0.007710005156695843","0.007710005156695843","0.007710005156695843","47453","47453","47453","0.013634844683110714","0.013634844683110714","0.013634844683110714","19553","19553","19553"
"100","0.01324174739420414","0.01324174739420414","0.01324174739420414","189029","189029","189029","0.008704774081707","0.008704774081707","0.008704774081707","141963","141963","141963","0.005024610552936792","0.005024610552936792","0.005024610552936792","94998","94998","94998","0.007928112521767616","0.007928112521767616","0.007928112521767616","47932","47932","47932","0.015505836345255375","0.015505836345255375","0.015505836345255375","19753","19753","19753"
"101","0.004785634111613035","0.004785634111613035","0.004785634111613035","190900","190900","190900","0.0056531080044806","0.0056531080044806","0.0056531080044806","143368","143368","143368","0.007530198898166418","0.007530198898166418","0.007530198898166418","95938","95938","95938","0.008575805462896824","0.008575805462896824","0.008575805462896824","48406","48406","48406","0.019515709951519966","0.019515709951519966","0.019515709951519966","19948","19948","19948"
"102","0.005032162647694349","0.005032162647694349","0.005032162647694349","192771","192771","192771","0.008734587579965591","0.008734587579965591","0.008734587579965591","144773","144773","144773","0.009556880220770836","0.009556880220770836","0.009556880220770836","96878","96878","96878","0.013099631294608116","0.013099631294608116","0.013099631294608116","48880","48880","48880","0.011577947065234184","0.011577947065234184","0.011577947065234184","20143","20143","20143"
"103","0.008530099876224995","0.008530099876224995","0.008530099876224995","194642","194642","194642","0.0066873556934297085","0.0066873556934297085","0.0066873556934297085","146178","146178","146178","0.0052099684253335","0.0052099684253335","0.0052099684253335","97818","97818","97818","0.01194270420819521","0.01194270420819521","0.01194270420819521","49354","49354","49354","0.014320697635412216","0.014320697635412216","0.014320697635412216","20338","20338","20338"
"104","0.0068138656206429005","0.0068138656206429005","0.0068138656206429005","196513","196513","196513","0.010547826997935772","0.010547826997935772","0.010547826997935772","147583","147583","147583","0.009331760928034782","0.009331760928034782","0.009331760928034782","98758","98758","98758","0.0110135767608881","0.0110135767608881","0.0110135767608881","49828","49828","49828","0.0225656908005476","0.0225656908005476","0.0225656908005476","20533","20533","20533"
"105","0.01018567569553852","0.01018567569553852","0.01018567569553852","198384","198384","198384","0.008167479187250137","0.008167479187250137","0.008167479187250137","148988","148988","148988","0.010720903053879738","0.010720903053879738","0.010720903053879738","99698","99698","99698","0.007749180309474468","0.007749180309474468","0.007749180309474468","50302","50302","50302","0.01567821204662323","0.01567821204662323","0.01567821204662323","20728","20728","20728"
"106","0.014364955946803093","0.014364955946803093","0.014364955946803093","200255","200255","200255","0.012087106704711914","0.012087106704711914","0.012087106704711914","150393","150393","150393","0.006270124576985836","0.006270124576985836","0.006270124576985836","100638","100638","100638","0.008396419696509838","0.008396419696509838","0.008396419696509838","50776","50776","50776","0.01620427705347538","0.01620427705347538","0.01620427705347538","20923","20923","20923"
"107","0.008180055767297745","0.008180055767297745","0.008180055767297745","202126","202126","202126","0.005678805522620678","0.005678805522620678","0.005678805522620678","151798","151798","151798","0.012684622779488564","0.012684622779488564","0.012684622779488564","101578","101578","101578","0.006786794401705265","0.006786794401705265","0.006786794401705265","51250","51250","51250","0.013696392066776752","0.013696392066776752","0.013696392066776752","21118","21118","21118"
"108","0.008036007173359394","0.008036007173359394","0.008036007173359394","203997","203997","203997","0.006692688446491957","0.006692688446491957","0.006692688446491957","153203","153203","153203","0.016016291454434395","0.016016291454434395","0.016016291454434395","102518","102518","102518","0.0075749498791992664","0.0075749498791992664","0.0075749498791992664","51724","51724","51724","0.025156686082482338","0.025156686082482338","0.025156686082482338","21313","21313","21313"
"109","0.010653343051671982","0.010653343051671982","0.010653343051671982","205868","205868","205868","0.01199803501367569","0.01199803501367569","0.01199803501367569","154608","154608","154608","0.00909011997282505","0.00909011997282505","0.00909011997282505","103458","103458","103458","0.0073617626912891865","0.0073617626912891865","0.0073617626912891865","52198","52198","52198","0.015937039628624916","0.015937039628624916","0.015937039628624916","21508","21508","21508"
"110","0.012134687043726444","0.012134687043726444","0.012134687043726444","207744","207744","207744","0.012234448455274105","0.012234448455274105","0.012234448455274105","156018","156018","156018","0.01103709451854229","0.01103709451854229","0.01103709451854229","104403","104403","104403","0.0075804200023412704","0.0075804200023412704","0.0075804200023412704","52677","52677","52677","0.02314629778265953","0.02314629778265953","0.02314629778265953","21708","21708","21708"
"111","0.015938933938741684","0.015938933938741684","0.015938933938741684","209615","209615","209615","0.011656193993985653","0.011656193993985653","0.011656193993985653","157423","157423","157423","0.007306463085114956","0.007306463085114956","0.007306463085114956","105343","105343","105343","0.011879300698637962","0.011879300698637962","0.011879300698637962","53151","53151","53151","0.013808470219373703","0.013808470219373703","0.013808470219373703","21903","21903","21903"
"112","0.009398790076375008","0.009398790076375008","0.009398790076375008","211486","211486","211486","0.008935841731727123","0.008935841731727123","0.008935841731727123","158828","158828","158828","0.007237324025481939","0.007237324025481939","0.007237324025481939","106283","106283","106283","0.006722801364958286","0.006722801364958286","0.006722801364958286","53625","53625","53625","0.015011857263743877","0.015011857263743877","0.015011857263743877","22098","22098","22098"
"113","0.008044468238949776","0.008044468238949776","0.008044468238949776","213357","213357","213357","0.011297435499727726","0.011297435499727726","0.011297435499727726","160233","160233","160233","0.008263151161372662","0.008263151161372662","0.008263151161372662","107223","107223","107223","0.011196989566087723","0.011196989566087723","0.011196989566087723","54099","54099","54099","0.020140452310442924","0.020140452310442924","0.020140452310442924","22293","22293","22293"
"114","0.012984617613255978","0.012984617613255978","0.012984617613255978","215228","215228","215228","0.009136014617979527","0.009136014617979527","0.009136014617979527","161638","161638","161638","0.010778774507343769","0.010778774507343769","0.010778774507343769","108163","108163","108163","0.008232117630541325","0.008232117630541325","0.008232117630541325","54573","54573","54573","0.014512017369270325","0.014512017369270325","0.014512017369270325","22488","22488","22488"
"115","0.010295480489730835","0.010295480489730835","0.010295480489730835","217099","217099","217099","0.01624744012951851","0.01624744012951851","0.01624744012951851","163043","163043","163043","0.005659237504005432","0.005659237504005432","0.005659237504005432","109103","109103","109103","0.018428510054945946","0.018428510054945946","0.018428510054945946","55047","55047","55047","0.011393911205232143","0.011393911205232143","0.011393911205232143","22683","22683","22683"
"116","0.005598209798336029","0.005598209798336029","0.005598209798336029","218970","218970","218970","0.0075254980474710464","0.0075254980474710464","0.0075254980474710464","164448","164448","164448","0.009070108644664288","0.009070108644664288","0.009070108644664288","110043","110043","110043","0.008760586380958557","0.008760586380958557","0.008760586380958557","55521","55521","55521","0.01659618318080902","0.01659618318080902","0.01659618318080902","22878","22878","22878"
"117","0.006958778947591782","0.006958778947591782","0.006958778947591782","220841","220841","220841","0.006363857537508011","0.006363857537508011","0.006363857537508011","165853","165853","165853","0.007549774367362261","0.007549774367362261","0.007549774367362261","110983","110983","110983","0.007649581413716078","0.007649581413716078","0.007649581413716078","55995","55995","55995","0.011309564113616943","0.011309564113616943","0.011309564113616943","23073","23073","23073"
"118","0.011294206604361534","0.011294206604361534","0.011294206604361534","222712","222712","222712","0.006599285639822483","0.006599285639822483","0.006599285639822483","167258","167258","167258","0.011717760004103184","0.011717760004103184","0.011717760004103184","111923","111923","111923","0.011425177566707134","0.011425177566707134","0.011425177566707134","56469","56469","56469","0.015778250992298126","0.015778250992298126","0.015778250992298126","23268","23268","23268"
"119","0.006803486030548811","0.006803486030548811","0.006803486030548811","224583","224583","224583","0.010911352932453156","0.010911352932453156","0.010911352932453156","168663","168663","168663","0.004998540040105581","0.004998540040105581","0.004998540040105581","112863","112863","112863","0.008899099193513393","0.008899099193513393","0.008899099193513393","56943","56943","56943","0.01102185994386673","0.01102185994386673","0.01102185994386673","23463","23463","23463"
"120","0.009240665473043919","0.009240665473043919","0.009240665473043919","226459","226459","226459","0.007787474896758795","0.007787474896758795","0.007787474896758795","170073","170073","170073","0.014439514838159084","0.014439514838159084","0.014439514838159084","113808","113808","113808","0.0076096924021840096","0.0076096924021840096","0.0076096924021840096","57422","57422","57422","0.012713133357465267","0.012713133357465267","0.012713133357465267","23663","23663","23663"
"121","0.005308071151375771","0.005308071151375771","0.005308071151375771","228330","228330","228330","0.006212117150425911","0.006212117150425911","0.006212117150425911","171478","171478","171478","0.012829822488129139","0.012829822488129139","0.012829822488129139","114748","114748","114748","0.0077561745420098305","0.0077561745420098305","0.0077561745420098305","57896","57896","57896","0.009235041216015816","0.009235041216015816","0.009235041216015816","23858","23858","23858"
"122","0.013620863668620586","0.013620863668620586","0.013620863668620586","230201","230201","230201","0.006498423404991627","0.006498423404991627","0.006498423404991627","172883","172883","172883","0.005736492574214935","0.005736492574214935","0.005736492574214935","115688","115688","115688","0.005578764248639345","0.005578764248639345","0.005578764248639345","58370","58370","58370","0.013249373063445091","0.013249373063445091","0.013249373063445091","24053","24053","24053"
"123","0.015491821803152561","0.015491821803152561","0.015491821803152561","232072","232072","232072","0.008638637140393257","0.008638637140393257","0.008638637140393257","174288","174288","174288","0.009289284236729145","0.009289284236729145","0.009289284236729145","116628","116628","116628","0.010873710736632347","0.010873710736632347","0.010873710736632347","58844","58844","58844","0.012594164349138737","0.012594164349138737","0.012594164349138737","24248","24248","24248"
"124","0.01227053627371788","0.01227053627371788","0.01227053627371788","233943","233943","233943","0.010414178483188152","0.010414178483188152","0.010414178483188152","175693","175693","175693","0.010285879485309124","0.010285879485309124","0.010285879485309124","117568","117568","117568","0.00897222850471735","0.00897222850471735","0.00897222850471735","59318","59318","59318","0.009800136089324951","0.009800136089324951","0.009800136089324951","24443","24443","24443"
"125","0.011782238259911537","0.011782238259911537","0.011782238259911537","235814","235814","235814","0.012615949846804142","0.012615949846804142","0.012615949846804142","177098","177098","177098","0.007818724028766155","0.007818724028766155","0.007818724028766155","118508","118508","118508","0.006829496938735247","0.006829496938735247","0.006829496938735247","59792","59792","59792","0.01339588314294815","0.01339588314294815","0.01339588314294815","24638","24638","24638"
"126","0.0054735662415623665","0.0054735662415623665","0.0054735662415623665","237685","237685","237685","0.009994369931519032","0.009994369931519032","0.009994369931519032","178503","178503","178503","0.008481737226247787","0.008481737226247787","0.008481737226247787","119448","119448","119448","0.008686975575983524","0.008686975575983524","0.008686975575983524","60266","60266","60266","0.012734630145132542","0.012734630145132542","0.012734630145132542","24833","24833","24833"
"127","0.010430506430566311","0.010430506430566311","0.010430506430566311","239556","239556","239556","0.007147321477532387","0.007147321477532387","0.007147321477532387","179908","179908","179908","0.012420453131198883","0.012420453131198883","0.012420453131198883","120388","120388","120388","0.008433829061686993","0.008433829061686993","0.008433829061686993","60740","60740","60740","0.0145085658878088","0.0145085658878088","0.0145085658878088","25028","25028","25028"
"128","0.0057347603142261505","0.0057347603142261505","0.0057347603142261505","241427","241427","241427","0.009495068341493607","0.009495068341493607","0.009495068341493607","181313","181313","181313","0.006345427595078945","0.006345427595078945","0.006345427595078945","121328","121328","121328","0.007282931823283434","0.007282931823283434","0.007282931823283434","61214","61214","61214","0.017097244039177895","0.017097244039177895","0.017097244039177895","25223","25223","25223"
"129","0.007067013997584581","0.007067013997584581","0.007067013997584581","243298","243298","243298","0.01012017298489809","0.01012017298489809","0.01012017298489809","182718","182718","182718","0.0053960164077579975","0.0053960164077579975","0.0053960164077579975","122268","122268","122268","0.010248865932226181","0.010248865932226181","0.010248865932226181","61688","61688","61688","0.015503364615142345","0.015503364615142345","0.015503364615142345","25418","25418","25418"
"130","0.011183508671820164","0.011183508671820164","0.011183508671820164","245174","245174","245174","0.01008392870426178","0.01008392870426178","0.01008392870426178","184128","184128","184128","0.009645926766097546","0.009645926766097546","0.009645926766097546","123213","123213","123213","0.010012811981141567","0.010012811981141567","0.010012811981141567","62167","62167","62167","0.01039623748511076","0.01039623748511076","0.01039623748511076","25618","25618","25618"
"131","0.008925529196858406","0.008925529196858406","0.008925529196858406","247045","247045","247045","0.012489362619817257","0.012489362619817257","0.012489362619817257","185533","185533","185533","0.009054307825863361","0.009054307825863361","0.009054307825863361","124153","124153","124153","0.006730276625603437","0.006730276625603437","0.006730276625603437","62641","62641","62641","0.026168350130319595","0.026168350130319595","0.026168350130319595","25813","25813","25813"
"132","0.0125788114964962","0.0125788114964962","0.0125788114964962","248916","248916","248916","0.005894938483834267","0.005894938483834267","0.005894938483834267","186938","186938","186938","0.009822062216699123","0.009822062216699123","0.009822062216699123","125093","125093","125093","0.00702187605202198","0.00702187605202198","0.00702187605202198","63115","63115","63115","0.011324803344905376","0.011324803344905376","0.011324803344905376","26008","26008","26008"
"133","0.014140653423964977","0.014140653423964977","0.014140653423964977","250787","250787","250787","0.012322966940701008","0.012322966940701008","0.012322966940701008","188343","188343","188343","0.011127863079309464","0.011127863079309464","0.011127863079309464","126033","126033","126033","0.008110732771456242","0.008110732771456242","0.008110732771456242","63589","63589","63589","0.01335134543478489","0.01335134543478489","0.01335134543478489","26203","26203","26203"
"134","0.00753526808694005","0.00753526808694005","0.00753526808694005","252658","252658","252658","0.008100793696939945","0.008100793696939945","0.008100793696939945","189748","189748","189748","0.009935472160577774","0.009935472160577774","0.009935472160577774","126973","126973","126973","0.009877731092274189","0.009877731092274189","0.009877731092274189","64063","64063","64063","0.012079741805791855","0.012079741805791855","0.012079741805791855","26398","26398","26398"
"135","0.009078088216483593","0.009078088216483593","0.009078088216483593","254529","254529","254529","0.008249055594205856","0.008249055594205856","0.008249055594205856","191153","191153","191153","0.00697376299649477","0.00697376299649477","0.00697376299649477","127913","127913","127913","0.011816129088401794","0.011816129088401794","0.011816129088401794","64537","64537","64537","0.013202552683651447","0.013202552683651447","0.013202552683651447","26593","26593","26593"
"136","0.009409640915691853","0.009409640915691853","0.009409640915691853","256400","256400","256400","0.008444266393780708","0.008444266393780708","0.008444266393780708","192558","192558","192558","0.010560308583080769","0.010560308583080769","0.010560308583080769","128853","128853","128853","0.010265241377055645","0.010265241377055645","0.010265241377055645","65011","65011","65011","0.019048994407057762","0.019048994407057762","0.019048994407057762","26788","26788","26788"
"137","0.011800136417150497","0.011800136417150497","0.011800136417150497","258271","258271","258271","0.007087202277034521","0.007087202277034521","0.007087202277034521","193963","193963","193963","0.006844055838882923","0.006844055838882923","0.006844055838882923","129793","129793","129793","0.007551054935902357","0.007551054935902357","0.007551054935902357","65485","65485","65485","0.01731118932366371","0.01731118932366371","0.01731118932366371","26983","26983","26983"
"138","0.006154579110443592","0.006154579110443592","0.006154579110443592","260142","260142","260142","0.006219159346073866","0.006219159346073866","0.006219159346073866","195368","195368","195368","0.00776549382135272","0.00776549382135272","0.00776549382135272","130733","130733","130733","0.007032275199890137","0.007032275199890137","0.007032275199890137","65959","65959","65959","0.013330844230949879","0.013330844230949879","0.013330844230949879","27178","27178","27178"
"139","0.012044180184602737","0.012044180184602737","0.012044180184602737","262013","262013","262013","0.0090637831017375","0.0090637831017375","0.0090637831017375","196773","196773","196773","0.005642835516482592","0.005642835516482592","0.005642835516482592","131673","131673","131673","0.011141937226057053","0.011141937226057053","0.011141937226057053","66433","66433","66433","0.012315931729972363","0.012315931729972363","0.012315931729972363","27373","27373","27373"
"140","0.01276465319097042","0.01276465319097042","0.01276465319097042","263889","263889","263889","0.006300458684563637","0.006300458684563637","0.006300458684563637","198183","198183","198183","0.006690956652164459","0.006690956652164459","0.006690956652164459","132618","132618","132618","0.011167630553245544","0.011167630553245544","0.011167630553245544","66912","66912","66912","0.013052565976977348","0.013052565976977348","0.013052565976977348","27573","27573","27573"
"141","0.00637131929397583","0.00637131929397583","0.00637131929397583","265760","265760","265760","0.00897787045687437","0.00897787045687437","0.00897787045687437","199588","199588","199588","0.02048896998167038","0.02048896998167038","0.02048896998167038","133558","133558","133558","0.00837833620607853","0.00837833620607853","0.00837833620607853","67386","67386","67386","0.011150929145514965","0.011150929145514965","0.011150929145514965","27768","27768","27768"
"142","0.006208439823240042","0.006208439823240042","0.006208439823240042","267631","267631","267631","0.008062376640737057","0.008062376640737057","0.008062376640737057","200993","200993","200993","0.008603292517364025","0.008603292517364025","0.008603292517364025","134498","134498","134498","0.006021439563483","0.006021439563483","0.006021439563483","67860","67860","67860","0.010383541695773602","0.010383541695773602","0.010383541695773602","27963","27963","27963"
"143","0.0064335772767663","0.0064335772767663","0.0064335772767663","269502","269502","269502","0.008467268198728561","0.008467268198728561","0.008467268198728561","202398","202398","202398","0.0073126438073813915","0.0073126438073813915","0.0073126438073813915","135438","135438","135438","0.00869634561240673","0.00869634561240673","0.00869634561240673","68334","68334","68334","0.021923314779996872","0.021923314779996872","0.021923314779996872","28158","28158","28158"
"144","0.006621915847063065","0.006621915847063065","0.006621915847063065","271373","271373","271373","0.012896603904664516","0.012896603904664516","0.012896603904664516","203803","203803","203803","0.0076175290159881115","0.0076175290159881115","0.0076175290159881115","136378","136378","136378","0.015108075924217701","0.015108075924217701","0.015108075924217701","68808","68808","68808","0.011354401707649231","0.011354401707649231","0.011354401707649231","28353","28353","28353"
"145","0.00913796667009592","0.00913796667009592","0.00913796667009592","273244","273244","273244","0.008864599280059338","0.008864599280059338","0.008864599280059338","205208","205208","205208","0.006311990786343813","0.006311990786343813","0.006311990786343813","137318","137318","137318","0.008219864219427109","0.008219864219427109","0.008219864219427109","69282","69282","69282","0.01602756604552269","0.01602756604552269","0.01602756604552269","28548","28548","28548"
"146","0.009216008707880974","0.009216008707880974","0.009216008707880974","275115","275115","275115","0.005635552573949099","0.005635552573949099","0.005635552573949099","206613","206613","206613","0.007702790200710297","0.007702790200710297","0.007702790200710297","138258","138258","138258","0.0075634862296283245","0.0075634862296283245","0.0075634862296283245","69756","69756","69756","0.011072324588894844","0.011072324588894844","0.011072324588894844","28743","28743","28743"
"147","0.010565121658146381","0.010565121658146381","0.010565121658146381","276986","276986","276986","0.007448752876371145","0.007448752876371145","0.007448752876371145","208018","208018","208018","0.011231163516640663","0.011231163516640663","0.011231163516640663","139198","139198","139198","0.0068542445078492165","0.0068542445078492165","0.0068542445078492165","70230","70230","70230","0.012269951403141022","0.012269951403141022","0.012269951403141022","28938","28938","28938"
"148","0.010676912032067776","0.010676912032067776","0.010676912032067776","278857","278857","278857","0.007638022303581238","0.007638022303581238","0.007638022303581238","209423","209423","209423","0.00732031837105751","0.00732031837105751","0.00732031837105751","140138","140138","140138","0.009089098311960697","0.009089098311960697","0.009089098311960697","70704","70704","70704","0.010180231183767319","0.010180231183767319","0.010180231183767319","29133","29133","29133"
"149","0.017223523929715157","0.017223523929715157","0.017223523929715157","280728","280728","280728","0.005942837800830603","0.005942837800830603","0.005942837800830603","210828","210828","210828","0.008557936176657677","0.008557936176657677","0.008557936176657677","141078","141078","141078","0.007561193313449621","0.007561193313449621","0.007561193313449621","71178","71178","71178","0.012808291241526604","0.012808291241526604","0.012808291241526604","29328","29328","29328"
"150","0.007286966312676668","0.007286966312676668","0.007286966312676668","282604","282604","282604","0.011282239109277725","0.011282239109277725","0.011282239109277725","212238","212238","212238","0.01784696616232395","0.01784696616232395","0.01784696616232395","142023","142023","142023","0.006933034863322973","0.006933034863322973","0.006933034863322973","71657","71657","71657","0.015435168519616127","0.015435168519616127","0.015435168519616127","29528","29528","29528"
"151","0.014007380232214928","0.014007380232214928","0.014007380232214928","284475","284475","284475","0.013824624940752983","0.013824624940752983","0.013824624940752983","213643","213643","213643","0.01228023786097765","0.01228023786097765","0.01228023786097765","142963","142963","142963","0.006183420307934284","0.006183420307934284","0.006183420307934284","72131","72131","72131","0.016313329339027405","0.016313329339027405","0.016313329339027405","29723","29723","29723"
"152","0.008233718574047089","0.008233718574047089","0.008233718574047089","286346","286346","286346","0.012754596769809723","0.012754596769809723","0.012754596769809723","215048","215048","215048","0.011045237071812153","0.011045237071812153","0.011045237071812153","143903","143903","143903","0.008336049504578114","0.008336049504578114","0.008336049504578114","72605","72605","72605","0.011818377301096916","0.011818377301096916","0.011818377301096916","29918","29918","29918"
"153","0.007697060238569975","0.007697060238569975","0.007697060238569975","288217","288217","288217","0.01042675506323576","0.01042675506323576","0.01042675506323576","216453","216453","216453","0.015810398384928703","0.015810398384928703","0.015810398384928703","144843","144843","144843","0.019090544432401657","0.019090544432401657","0.019090544432401657","73079","73079","73079","0.010109027847647667","0.010109027847647667","0.010109027847647667","30113","30113","30113"
"154","0.010803187265992165","0.010803187265992165","0.010803187265992165","290088","290088","290088","0.010105601511895657","0.010105601511895657","0.010105601511895657","217858","217858","217858","0.012070303782820702","0.012070303782820702","0.012070303782820702","145783","145783","145783","0.007082927972078323","0.007082927972078323","0.007082927972078323","73553","73553","73553","0.011089068837463856","0.011089068837463856","0.011089068837463856","30308","30308","30308"
"155","0.007434023544192314","0.007434023544192314","0.007434023544192314","291959","291959","291959","0.009256260469555855","0.009256260469555855","0.009256260469555855","219263","219263","219263","0.0063207619823515415","0.0063207619823515415","0.0063207619823515415","146723","146723","146723","0.005385823082178831","0.005385823082178831","0.005385823082178831","74027","74027","74027","0.013025191612541676","0.013025191612541676","0.013025191612541676","30503","30503","30503"
"156","0.008549213409423828","0.008549213409423828","0.008549213409423828","293830","293830","293830","0.010050980374217033","0.010050980374217033","0.010050980374217033","220668","220668","220668","0.007732164114713669","0.007732164114713669","0.007732164114713669","147663","147663","147663","0.011742645874619484","0.011742645874619484","0.011742645874619484","74501","74501","74501","0.015715818852186203","0.015715818852186203","0.015715818852186203","30698","30698","30698"
"157","0.010030750185251236","0.010030750185251236","0.010030750185251236","295701","295701","295701","0.00464151194319129","0.00464151194319129","0.00464151194319129","222073","222073","222073","0.0065041035413742065","0.0065041035413742065","0.0065041035413742065","148603","148603","148603","0.008714849129319191","0.008714849129319191","0.008714849129319191","74975","74975","74975","0.01119370199739933","0.01119370199739933","0.01119370199739933","30893","30893","30893"
"158","0.0062525006942451","0.0062525006942451","0.0062525006942451","297572","297572","297572","0.008334269747138023","0.008334269747138023","0.008334269747138023","223478","223478","223478","0.00936965737491846","0.00936965737491846","0.00936965737491846","149543","149543","149543","0.009507390670478344","0.009507390670478344","0.009507390670478344","75449","75449","75449","0.011768056079745293","0.011768056079745293","0.011768056079745293","31088","31088","31088"
"159","0.006786450278013945","0.006786450278013945","0.006786450278013945","299443","299443","299443","0.007081769872456789","0.007081769872456789","0.007081769872456789","224883","224883","224883","0.01460319571197033","0.01460319571197033","0.01460319571197033","150483","150483","150483","0.006755637004971504","0.006755637004971504","0.006755637004971504","75923","75923","75923","0.013136654160916805","0.013136654160916805","0.013136654160916805","31283","31283","31283"
"160","0.0094048622995615","0.0094048622995615","0.0094048622995615","301319","301319","301319","0.009402248077094555","0.009402248077094555","0.009402248077094555","226293","226293","226293","0.015311391092836857","0.015311391092836857","0.015311391092836857","151428","151428","151428","0.0057183848693966866","0.0057183848693966866","0.0057183848693966866","76402","76402","76402","0.016554098576307297","0.016554098576307297","0.016554098576307297","31483","31483","31483"
"161","0.00911445077508688","0.00911445077508688","0.00911445077508688","303190","303190","303190","0.009298942983150482","0.009298942983150482","0.009298942983150482","227698","227698","227698","0.007817148230969906","0.007817148230969906","0.007817148230969906","152368","152368","152368","0.009404067881405354","0.009404067881405354","0.009404067881405354","76876","76876","76876","0.01638324186205864","0.01638324186205864","0.01638324186205864","31678","31678","31678"
"162","0.016945691779255867","0.016945691779255867","0.016945691779255867","305061","305061","305061","0.008922270499169827","0.008922270499169827","0.008922270499169827","229103","229103","229103","0.007342521101236343","0.007342521101236343","0.007342521101236343","153308","153308","153308","0.006110673304647207","0.006110673304647207","0.006110673304647207","77350","77350","77350","0.010522190481424332","0.010522190481424332","0.010522190481424332","31873","31873","31873"
"163","0.006113989278674126","0.006113989278674126","0.006113989278674126","306932","306932","306932","0.012715652585029602","0.012715652585029602","0.012715652585029602","230508","230508","230508","0.015026474371552467","0.015026474371552467","0.015026474371552467","154248","154248","154248","0.008944062516093254","0.008944062516093254","0.008944062516093254","77824","77824","77824","0.013965972699224949","0.013965972699224949","0.013965972699224949","32068","32068","32068"
"164","0.0064132423140108585","0.0064132423140108585","0.0064132423140108585","308803","308803","308803","0.007223154883831739","0.007223154883831739","0.007223154883831739","231913","231913","231913","0.010471973568201065","0.010471973568201065","0.010471973568201065","155188","155188","155188","0.008922671899199486","0.008922671899199486","0.008922671899199486","78298","78298","78298","0.0172281451523304","0.0172281451523304","0.0172281451523304","32263","32263","32263"
"165","0.008166196756064892","0.008166196756064892","0.008166196756064892","310674","310674","310674","0.004971575457602739","0.004971575457602739","0.004971575457602739","233318","233318","233318","0.01008819043636322","0.01008819043636322","0.01008819043636322","156128","156128","156128","0.007948487065732479","0.007948487065732479","0.007948487065732479","78772","78772","78772","0.015220850706100464","0.015220850706100464","0.015220850706100464","32458","32458","32458"
"166","0.010801739059388638","0.010801739059388638","0.010801739059388638","312545","312545","312545","0.004702684935182333","0.004702684935182333","0.004702684935182333","234723","234723","234723","0.012041063979268074","0.012041063979268074","0.012041063979268074","157068","157068","157068","0.007910202257335186","0.007910202257335186","0.007910202257335186","79246","79246","79246","0.010868249461054802","0.010868249461054802","0.010868249461054802","32653","32653","32653"
"167","0.009419924579560757","0.009419924579560757","0.009419924579560757","314416","314416","314416","0.007106666453182697","0.007106666453182697","0.007106666453182697","236128","236128","236128","0.011371555738151073","0.011371555738151073","0.011371555738151073","158008","158008","158008","0.006761864293366671","0.006761864293366671","0.006761864293366671","79720","79720","79720","0.010167550295591354","0.010167550295591354","0.010167550295591354","32848","32848","32848"
"168","0.0074004861526191235","0.0074004861526191235","0.0074004861526191235","316287","316287","316287","0.01354286354035139","0.01354286354035139","0.01354286354035139","237533","237533","237533","0.005371060222387314","0.005371060222387314","0.005371060222387314","158948","158948","158948","0.009651003405451775","0.009651003405451775","0.009651003405451775","80194","80194","80194","0.013399734161794186","0.013399734161794186","0.013399734161794186","33043","33043","33043"
"169","0.00700484961271286","0.00700484961271286","0.00700484961271286","318158","318158","318158","0.009536255151033401","0.009536255151033401","0.009536255151033401","238938","238938","238938","0.008502243086695671","0.008502243086695671","0.008502243086695671","159888","159888","159888","0.006262900773435831","0.006262900773435831","0.006262900773435831","80668","80668","80668","0.010653595440089703","0.010653595440089703","0.010653595440089703","33238","33238","33238"
"170","0.019844967871904373","0.019844967871904373","0.019844967871904373","320034","320034","320034","0.004620319698005915","0.004620319698005915","0.004620319698005915","240348","240348","240348","0.016148369759321213","0.016148369759321213","0.016148369759321213","160833","160833","160833","0.007011407986283302","0.007011407986283302","0.007011407986283302","81147","81147","81147","0.01470167189836502","0.01470167189836502","0.01470167189836502","33438","33438","33438"
"171","0.01029228512197733","0.01029228512197733","0.01029228512197733","321905","321905","321905","0.01604834571480751","0.01604834571480751","0.01604834571480751","241753","241753","241753","0.010642984881997108","0.010642984881997108","0.010642984881997108","161773","161773","161773","0.007421035785228014","0.007421035785228014","0.007421035785228014","81621","81621","81621","0.009985235519707203","0.009985235519707203","0.009985235519707203","33633","33633","33633"
"172","0.007301949430257082","0.007301949430257082","0.007301949430257082","323776","323776","323776","0.012438961304724216","0.012438961304724216","0.012438961304724216","243158","243158","243158","0.013775233179330826","0.013775233179330826","0.013775233179330826","162713","162713","162713","0.006471530068665743","0.006471530068665743","0.006471530068665743","82095","82095","82095","0.010403870604932308","0.010403870604932308","0.010403870604932308","33828","33828","33828"
"173","0.014078564010560513","0.014078564010560513","0.014078564010560513","325647","325647","325647","0.009156288579106331","0.009156288579106331","0.009156288579106331","244563","244563","244563","0.005894192028790712","0.005894192028790712","0.005894192028790712","163653","163653","163653","0.005707424134016037","0.005707424134016037","0.005707424134016037","82569","82569","82569","0.012938160449266434","0.012938160449266434","0.012938160449266434","34023","34023","34023"
"174","0.010611274279654026","0.010611274279654026","0.010611274279654026","327518","327518","327518","0.00585682038217783","0.00585682038217783","0.00585682038217783","245968","245968","245968","0.007150596939027309","0.007150596939027309","0.007150596939027309","164593","164593","164593","0.00723714055493474","0.00723714055493474","0.00723714055493474","83043","83043","83043","0.014036040753126144","0.014036040753126144","0.014036040753126144","34218","34218","34218"
"175","0.005884961690753698","0.005884961690753698","0.005884961690753698","329389","329389","329389","0.005170665215700865","0.005170665215700865","0.005170665215700865","247373","247373","247373","0.01333536021411419","0.01333536021411419","0.01333536021411419","165533","165533","165533","0.010506927967071533","0.010506927967071533","0.010506927967071533","83517","83517","83517","0.018780870363116264","0.018780870363116264","0.018780870363116264","34413","34413","34413"
"176","0.0067683071829378605","0.0067683071829378605","0.0067683071829378605","331260","331260","331260","0.005298234056681395","0.005298234056681395","0.005298234056681395","248778","248778","248778","0.006896347273141146","0.006896347273141146","0.006896347273141146","166473","166473","166473","0.011561357416212559","0.011561357416212559","0.011561357416212559","83991","83991","83991","0.009722230024635792","0.009722230024635792","0.009722230024635792","34608","34608","34608"
"177","0.015024598687887192","0.015024598687887192","0.015024598687887192","333131","333131","333131","0.009014352224767208","0.009014352224767208","0.009014352224767208","250183","250183","250183","0.008406415581703186","0.008406415581703186","0.008406415581703186","167413","167413","167413","0.0073393564671278","0.0073393564671278","0.0073393564671278","84465","84465","84465","0.020441729575395584","0.020441729575395584","0.020441729575395584","34803","34803","34803"
"178","0.010772447101771832","0.010772447101771832","0.010772447101771832","335002","335002","335002","0.009464125148952007","0.009464125148952007","0.009464125148952007","251588","251588","251588","0.006770104169845581","0.006770104169845581","0.006770104169845581","168353","168353","168353","0.011489172466099262","0.011489172466099262","0.011489172466099262","84939","84939","84939","0.019205767661333084","0.019205767661333084","0.019205767661333084","34998","34998","34998"
"179","0.005882869474589825","0.005882869474589825","0.005882869474589825","336873","336873","336873","0.010052867233753204","0.010052867233753204","0.010052867233753204","252993","252993","252993","0.005230691749602556","0.005230691749602556","0.005230691749602556","169293","169293","169293","0.007491278927773237","0.007491278927773237","0.007491278927773237","85413","85413","85413","0.00897134281694889","0.00897134281694889","0.00897134281694889","35193","35193","35193"
"180","0.010234433226287365","0.010234433226287365","0.010234433226287365","338749","338749","338749","0.013229898177087307","0.013229898177087307","0.013229898177087307","254403","254403","254403","0.010250416584312916","0.010250416584312916","0.010250416584312916","170238","170238","170238","0.007177266292273998","0.007177266292273998","0.007177266292273998","85892","85892","85892","0.009935637935996056","0.009935637935996056","0.009935637935996056","35393","35393","35393"
"181","0.010946963913738728","0.010946963913738728","0.010946963913738728","340620","340620","340620","0.009299875237047672","0.009299875237047672","0.009299875237047672","255808","255808","255808","0.018374808132648468","0.018374808132648468","0.018374808132648468","171178","171178","171178","0.009933603927493095","0.009933603927493095","0.009933603927493095","86366","86366","86366","0.01231001503765583","0.01231001503765583","0.01231001503765583","35588","35588","35588"
"182","0.0067019653506577015","0.0067019653506577015","0.0067019653506577015","342491","342491","342491","0.006493174470961094","0.006493174470961094","0.006493174470961094","257213","257213","257213","0.0065499236807227135","0.0065499236807227135","0.0065499236807227135","172118","172118","172118","0.007872427813708782","0.007872427813708782","0.007872427813708782","86840","86840","86840","0.01370970532298088","0.01370970532298088","0.01370970532298088","35783","35783","35783"
"183","0.01138165220618248","0.01138165220618248","0.01138165220618248","344362","344362","344362","0.006938687525689602","0.006938687525689602","0.006938687525689602","258618","258618","258618","0.005404707510024309","0.005404707510024309","0.005404707510024309","173058","173058","173058","0.00798571202903986","0.00798571202903986","0.00798571202903986","87314","87314","87314","0.012913075275719166","0.012913075275719166","0.012913075275719166","35978","35978","35978"
"184","0.008511052466928959","0.008511052466928959","0.008511052466928959","346233","346233","346233","0.00812666304409504","0.00812666304409504","0.00812666304409504","260023","260023","260023","0.005825356114655733","0.005825356114655733","0.005825356114655733","173998","173998","173998","0.008022323250770569","0.008022323250770569","0.008022323250770569","87788","87788","87788","0.009456917643547058","0.009456917643547058","0.009456917643547058","36173","36173","36173"
"185","0.011172167956829071","0.011172167956829071","0.011172167956829071","348104","348104","348104","0.00604688934981823","0.00604688934981823","0.00604688934981823","261428","261428","261428","0.008417481556534767","0.008417481556534767","0.008417481556534767","174938","174938","174938","0.009654523804783821","0.009654523804783821","0.009654523804783821","88262","88262","88262","0.009044615551829338","0.009044615551829338","0.009044615551829338","36368","36368","36368"
"186","0.005702531430870295","0.005702531430870295","0.005702531430870295","349975","349975","349975","0.01634167693555355","0.01634167693555355","0.01634167693555355","262833","262833","262833","0.013307859189808369","0.013307859189808369","0.013307859189808369","175878","175878","175878","0.007042292971163988","0.007042292971163988","0.007042292971163988","88736","88736","88736","0.014290404506027699","0.014290404506027699","0.014290404506027699","36563","36563","36563"
"187","0.006003039423376322","0.006003039423376322","0.006003039423376322","351846","351846","351846","0.009803899563848972","0.009803899563848972","0.009803899563848972","264238","264238","264238","0.008091945201158524","0.008091945201158524","0.008091945201158524","176818","176818","176818","0.006802632939070463","0.006802632939070463","0.006802632939070463","89210","89210","89210","0.010917842388153076","0.010917842388153076","0.010917842388153076","36758","36758","36758"
"188","0.009186292067170143","0.009186292067170143","0.009186292067170143","353717","353717","353717","0.011012344621121883","0.011012344621121883","0.011012344621121883","265643","265643","265643","0.012341002002358437","0.012341002002358437","0.012341002002358437","177758","177758","177758","0.005262525752186775","0.005262525752186775","0.005262525752186775","89684","89684","89684","0.014581840485334396","0.014581840485334396","0.014581840485334396","36953","36953","36953"
"189","0.008466025814414024","0.008466025814414024","0.008466025814414024","355588","355588","355588","0.007659570313990116","0.007659570313990116","0.007659570313990116","267048","267048","267048","0.012981570325791836","0.012981570325791836","0.012981570325791836","178698","178698","178698","0.015312403440475464","0.015312403440475464","0.015312403440475464","90158","90158","90158","0.015259530395269394","0.015259530395269394","0.015259530395269394","37148","37148","37148"
"190","0.00931128952652216","0.00931128952652216","0.00931128952652216","357464","357464","357464","0.008528614416718483","0.008528614416718483","0.008528614416718483","268458","268458","268458","0.015008392743766308","0.015008392743766308","0.015008392743766308","179643","179643","179643","0.00594380684196949","0.00594380684196949","0.00594380684196949","90637","90637","90637","0.011327885091304779","0.011327885091304779","0.011327885091304779","37348","37348","37348"
"191","0.012516170740127563","0.012516170740127563","0.012516170740127563","359335","359335","359335","0.006993433926254511","0.006993433926254511","0.006993433926254511","269863","269863","269863","0.007364458870142698","0.007364458870142698","0.007364458870142698","180583","180583","180583","0.008671416901051998","0.008671416901051998","0.008671416901051998","91111","91111","91111","0.017519813030958176","0.017519813030958176","0.017519813030958176","37543","37543","37543"
"192","0.005468850024044514","0.005468850024044514","0.005468850024044514","361206","361206","361206","0.011530107818543911","0.011530107818543911","0.011530107818543911","271268","271268","271268","0.008883979171514511","0.008883979171514511","0.008883979171514511","181523","181523","181523","0.009554092772305012","0.009554092772305012","0.009554092772305012","91585","91585","91585","0.012547733262181282","0.012547733262181282","0.012547733262181282","37738","37738","37738"
"193","0.004334773402661085","0.004334773402661085","0.004334773402661085","363077","363077","363077","0.007193679455667734","0.007193679455667734","0.007193679455667734","272673","272673","272673","0.006701002363115549","0.006701002363115549","0.006701002363115549","182463","182463","182463","0.0064533972181379795","0.0064533972181379795","0.0064533972181379795","92059","92059","92059","0.013761023059487343","0.013761023059487343","0.013761023059487343","37933","37933","37933"
"194","0.01100212149322033","0.01100212149322033","0.01100212149322033","364948","364948","364948","0.011739050038158894","0.011739050038158894","0.011739050038158894","274078","274078","274078","0.008675714023411274","0.008675714023411274","0.008675714023411274","183403","183403","183403","0.010384182445704937","0.010384182445704937","0.010384182445704937","92533","92533","92533","0.018587281927466393","0.018587281927466393","0.018587281927466393","38128","38128","38128"
"195","0.00705514894798398","0.00705514894798398","0.00705514894798398","366819","366819","366819","0.009053493849933147","0.009053493849933147","0.009053493849933147","275483","275483","275483","0.005944479256868362","0.005944479256868362","0.005944479256868362","184343","184343","184343","0.008217963390052319","0.008217963390052319","0.008217963390052319","93007","93007","93007","0.011253951117396355","0.011253951117396355","0.011253951117396355","38323","38323","38323"
"196","0.007621361408382654","0.007621361408382654","0.007621361408382654","368690","368690","368690","0.003681519301608205","0.003681519301608205","0.003681519301608205","276888","276888","276888","0.011698758229613304","0.011698758229613304","0.011698758229613304","185283","185283","185283","0.008208862505853176","0.008208862505853176","0.008208862505853176","93481","93481","93481","0.010408498346805573","0.010408498346805573","0.010408498346805573","38518","38518","38518"
"197","0.006517279427498579","0.006517279427498579","0.006517279427498579","370561","370561","370561","0.0076317512430250645","0.0076317512430250645","0.0076317512430250645","278293","278293","278293","0.01048375479876995","0.01048375479876995","0.01048375479876995","186223","186223","186223","0.007500675972551107","0.007500675972551107","0.007500675972551107","93955","93955","93955","0.014258570969104767","0.014258570969104767","0.014258570969104767","38713","38713","38713"
"198","0.010692033916711807","0.010692033916711807","0.010692033916711807","372432","372432","372432","0.010704349726438522","0.010704349726438522","0.010704349726438522","279698","279698","279698","0.006838970351964235","0.006838970351964235","0.006838970351964235","187163","187163","187163","0.0075165084563195705","0.0075165084563195705","0.0075165084563195705","94429","94429","94429","0.015095489099621773","0.015095489099621773","0.015095489099621773","38908","38908","38908"
"199","0.009182160720229149","0.009182160720229149","0.009182160720229149","374303","374303","374303","0.00852235034108162","0.00852235034108162","0.00852235034108162","281103","281103","281103","0.005205425899475813","0.005205425899475813","0.005205425899475813","188103","188103","188103","0.005243781488388777","0.005243781488388777","0.005243781488388777","94903","94903","94903","0.012749800458550453","0.012749800458550453","0.012749800458550453","39103","39103","39103"